index,Tarih,Şimdi,Açılış,Yüksek,Düşük,Fark %
1344,26.08.2013,1.998,1.9858,2,1.983,0.51%
1343,27.08.2013,2.0363,1.996,2.041,1.9941,1.92%
1342,28.08.2013,2.0374,2.0345,2.073,2.0307,0.05%
1341,29.08.2013,2.0358,2.0382,2.0404,2.021,-0.08%
1340,30.08.2013,2.0403,2.0346,2.0455,2.0226,0.22%
1339,02.09.2013,2.0213,2.0341,2.035,2.008,-0.93%
1338,03.09.2013,2.0584,2.0208,2.063,2.0123,1.84%
1337,04.09.2013,2.0505,2.0575,2.067,2.03,-0.38%
1336,05.09.2013,2.0691,2.0475,2.0845,2.0437,0.91%
1335,06.09.2013,2.0465,2.0674,2.0755,2.0405,-1.09%
1334,09.09.2013,2.0266,2.044,2.0531,2.0224,-0.97%
1333,10.09.2013,2.0141,2.0246,2.037,2.002,-0.62%
1332,11.09.2013,2.0117,2.0125,2.027,2,-0.12%
1331,12.09.2013,2.0306,2.0097,2.0311,2.0055,0.94%
1330,13.09.2013,2.028,2.0295,2.039,2.019,-0.13%
1329,16.09.2013,2.0045,2.0259,2.0274,1.984,-1.16%
1328,17.09.2013,2.0018,2.0034,2.013,1.994,-0.13%
1327,18.09.2013,1.9501,2.001,2.009,1.941,-2.58%
1326,19.09.2013,1.9605,1.9499,1.9915,1.931,0.53%
1325,20.09.2013,1.9799,1.9592,1.987,1.9561,0.99%
1324,23.09.2013,1.9853,1.9766,1.9943,1.97,0.27%
1323,24.09.2013,1.9989,1.9835,2.0041,1.98,0.69%
1322,25.09.2013,2.016,1.9962,2.016,1.9922,0.86%
1321,26.09.2013,2.0227,2.0156,2.024,2.004,0.33%
1320,27.09.2013,2.0309,2.0215,2.043,2.012,0.41%
1319,30.09.2013,2.0186,2.0391,2.045,2.01,-0.61%
1318,01.10.2013,2.0094,2.018,2.021,1.9995,-0.46%
1317,02.10.2013,1.9939,2.0067,2.023,1.992,-0.77%
1316,03.10.2013,2.0029,1.9935,2.008,1.989,0.45%
1315,04.10.2013,1.9871,2.0002,2.002,1.983,-0.79%
1314,07.10.2013,1.9937,1.9852,2.0015,1.9835,0.33%
1313,08.10.2013,1.9889,1.9922,1.996,1.976,-0.24%
1312,09.10.2013,1.982,1.9895,1.9925,1.9775,-0.35%
1311,10.10.2013,1.9745,1.9805,1.986,1.97,-0.38%
1310,11.10.2013,1.9823,1.9747,1.987,1.969,0.40%
1309,14.10.2013,1.9818,1.9824,1.9913,1.977,-0.03%
1308,15.10.2013,1.9882,1.98,1.9891,1.9775,0.32%
1307,16.10.2013,1.9728,1.9868,1.9876,1.97,-0.77%
1306,17.10.2013,1.9659,1.9713,1.9781,1.9593,-0.35%
1305,18.10.2013,1.9686,1.9644,1.9726,1.96,0.14%
1304,21.10.2013,1.9812,1.9667,1.9839,1.962,0.64%
1303,22.10.2013,1.9685,1.9791,1.987,1.962,-0.64%
1302,23.10.2013,1.9758,1.9662,1.979,1.9647,0.37%
1301,24.10.2013,1.9796,1.9731,1.983,1.966,0.19%
1300,25.10.2013,1.9835,1.9778,1.989,1.974,0.20%
1299,28.10.2013,1.9841,1.9808,1.988,1.974,0.03%
1298,29.10.2013,1.9914,1.9825,1.993,1.9804,0.37%
1297,30.10.2013,1.9947,1.9903,1.9967,1.9775,0.17%
1296,31.10.2013,1.996,1.9933,1.998,1.984,0.07%
1295,01.11.2013,2.017,1.9942,2.022,1.989,1.05%
1294,04.11.2013,2.0162,2.0128,2.023,2.01,-0.04%
1293,05.11.2013,2.0298,2.0149,2.035,2.012,0.67%
1292,06.11.2013,2.0356,2.0295,2.039,2.021,0.29%
1291,07.11.2013,2.0352,2.0344,2.0393,2.018,-0.02%
1290,08.11.2013,2.039,2.0334,2.052,2.019,0.19%
1289,11.11.2013,2.0433,2.0366,2.0465,2.03,0.21%
1288,12.11.2013,2.0545,2.0414,2.059,2.039,0.55%
1287,13.11.2013,2.0442,2.0538,2.06,2.0417,-0.50%
1286,14.11.2013,2.0333,2.0424,2.051,2.0299,-0.53%
1285,15.11.2013,2.0293,2.032,2.043,2.0255,-0.20%
1284,18.11.2013,2.0219,2.0283,2.0325,2.013,-0.36%
1283,19.11.2013,2.0112,2.021,2.0235,2.002,-0.53%
1282,20.11.2013,2.0154,2.0103,2.0156,1.998,0.21%
1281,21.11.2013,2.0168,2.0139,2.026,2.011,0.07%
1280,22.11.2013,2.0057,2.0157,2.022,2.0024,-0.55%
1279,25.11.2013,2.0078,2.0036,2.0086,1.99,0.10%
1278,26.11.2013,2.0135,2.0064,2.022,1.9985,0.28%
1277,27.11.2013,2.0254,2.0112,2.028,2.008,0.59%
1276,28.11.2013,2.0147,2.0245,2.0248,2.01,-0.53%
1275,29.11.2013,2.0198,2.013,2.024,2.0099,0.25%
1274,02.12.2013,2.0389,2.0179,2.042,2.013,0.95%
1273,03.12.2013,2.0434,2.0381,2.0474,2.028,0.22%
1272,04.12.2013,2.0486,2.0412,2.0543,2.0376,0.25%
1271,05.12.2013,2.0368,2.0477,2.054,2.0314,-0.58%
1270,06.12.2013,2.0252,2.0354,2.053,2.015,-0.57%
1269,09.12.2013,2.0324,2.0226,2.036,2.0194,0.36%
1268,10.12.2013,2.0278,2.0312,2.0346,2.02,-0.23%
1267,11.12.2013,2.0429,2.0269,2.045,2.021,0.74%
1266,12.12.2013,2.0433,2.0418,2.047,2.032,0.02%
1265,13.12.2013,2.0404,2.0418,2.0462,2.034,-0.14%
1264,16.12.2013,2.0274,2.0405,2.0411,2.0225,-0.64%
1263,17.12.2013,2.036,2.0266,2.044,2.022,0.42%
1262,18.12.2013,2.0578,2.0349,2.0579,2.0333,1.07%
1261,19.12.2013,2.0728,2.0565,2.08,2.043,0.73%
1260,20.12.2013,2.0918,2.0705,2.098,2.0695,0.92%
1259,23.12.2013,2.0977,2.0893,2.0977,2.081,0.28%
1258,24.12.2013,2.0775,2.0959,2.0976,2.073,-0.96%
1257,25.12.2013,2.0956,2.0763,2.0956,2.058,0.87%
1256,26.12.2013,2.1271,2.0929,2.14,2.083,1.50%
1255,27.12.2013,2.1513,2.1264,2.177,2.1115,1.14%
1254,30.12.2013,2.1231,2.1496,2.1566,2.1175,-1.31%
1253,31.12.2013,2.1458,2.1229,2.158,2.1102,1.07%
1252,01.01.2014,2.1483,2.143,2.1483,2.143,0.12%
1251,02.01.2014,2.1713,2.1471,2.189,2.1446,1.07%
1250,03.01.2014,2.1785,2.1698,2.182,2.1595,0.33%
1249,06.01.2014,2.1715,2.1747,2.1945,2.169,-0.32%
1248,07.01.2014,2.1678,2.1704,2.1815,2.1545,-0.17%
1247,08.01.2014,2.1856,2.1667,2.1858,2.158,0.82%
1246,09.01.2014,2.178,2.1844,2.193,2.175,-0.35%
1245,10.01.2014,2.165,2.1775,2.1821,2.156,-0.60%
1244,13.01.2014,2.1795,2.1624,2.186,2.16,0.67%
1243,14.01.2014,2.1838,2.1785,2.198,2.1766,0.20%
1242,15.01.2014,2.1913,2.1833,2.198,2.18,0.34%
1241,16.01.2014,2.2069,2.1896,2.213,2.1877,0.71%
1240,17.01.2014,2.2317,2.2066,2.2323,2.201,1.12%
1239,20.01.2014,2.2403,2.2299,2.2502,2.2279,0.39%
1238,21.01.2014,2.2517,2.238,2.268,2.2315,0.51%
1237,22.01.2014,2.2582,2.2509,2.268,2.2345,0.29%
1236,23.01.2014,2.2928,2.2571,2.303,2.2557,1.53%
1235,24.01.2014,2.3314,2.2901,2.336,2.281,1.68%
1234,27.01.2014,2.283,2.3304,2.39,2.2798,-2.08%
1233,28.01.2014,2.252,2.2818,2.2865,2.247,-1.36%
1232,29.01.2014,2.2607,2.2475,2.317,2.1619,0.39%
1231,30.01.2014,2.2693,2.259,2.3,2.237,0.38%
1230,31.01.2014,2.2607,2.2653,2.295,2.239,-0.38%
1229,03.02.2014,2.2824,2.2531,2.2845,2.253,0.96%
1228,04.02.2014,2.238,2.2803,2.2835,2.232,-1.95%
1227,05.02.2014,2.2386,2.234,2.25,2.227,0.03%
1226,06.02.2014,2.2096,2.2373,2.238,2.2015,-1.30%
1225,07.02.2014,2.2199,2.209,2.225,2.185,0.47%
1224,10.02.2014,2.2176,2.2209,2.2354,2.2055,-0.10%
1223,11.02.2014,2.1932,2.214,2.2215,2.1888,-1.10%
1222,12.02.2014,2.1926,2.1917,2.201,2.176,-0.03%
1221,13.02.2014,2.1856,2.1918,2.211,2.1835,-0.32%
1220,14.02.2014,2.181,2.181,2.1959,2.1725,-0.21%
1219,17.02.2014,2.1767,2.1779,2.188,2.169,-0.20%
1218,18.02.2014,2.1804,2.1759,2.186,2.1701,0.17%
1217,19.02.2014,2.2145,2.1791,2.2148,2.1712,1.56%
1216,20.02.2014,2.2013,2.2118,2.2195,2.1922,-0.60%
1215,21.02.2014,2.1787,2.1986,2.2035,2.171,-1.03%
1214,24.02.2014,2.2021,2.1788,2.2021,2.167,1.07%
1213,25.02.2014,2.2122,2.2017,2.222,2.1885,0.46%
1212,26.02.2014,2.2279,2.2109,2.253,2.195,0.71%
1211,27.02.2014,2.2138,2.2252,2.2465,2.2098,-0.63%
1210,28.02.2014,2.2093,2.2122,2.224,2.1997,-0.20%
1209,03.03.2014,2.2321,2.2004,2.234,2.2004,1.03%
1208,04.03.2014,2.2065,2.2309,2.2312,2.201,-1.15%
1207,05.03.2014,2.2031,2.2051,2.212,2.197,-0.15%
1206,06.03.2014,2.1803,2.2024,2.208,2.1736,-1.03%
1205,07.03.2014,2.2055,2.1795,2.2067,2.177,1.16%
1204,10.03.2014,2.2186,2.203,2.224,2.2,0.59%
1203,11.03.2014,2.2466,2.2181,2.2466,2.21,1.26%
1202,12.03.2014,2.2323,2.2456,2.2582,2.2263,-0.64%
1201,13.03.2014,2.2327,2.2313,2.2362,2.2153,0.02%
1200,14.03.2014,2.213,2.2314,2.2416,2.2072,-0.88%
1199,17.03.2014,2.2198,2.2159,2.227,2.2103,0.31%
1198,18.03.2014,2.2188,2.218,2.23,2.2109,-0.05%
1197,19.03.2014,2.2401,2.2165,2.2417,2.2116,0.96%
1196,20.03.2014,2.2294,2.2362,2.245,2.2201,-0.48%
1195,21.03.2014,2.2335,2.2283,2.2439,2.2213,0.18%
1194,24.03.2014,2.2372,2.2333,2.243,2.2288,0.17%
1193,25.03.2014,2.2165,2.2359,2.24,2.2105,-0.93%
1192,26.03.2014,2.1921,2.2158,2.222,2.1843,-1.10%
1191,27.03.2014,2.1872,2.1927,2.202,2.171,-0.22%
1190,28.03.2014,2.1909,2.184,2.197,2.1787,0.17%
1189,31.03.2014,2.1407,2.1869,2.1869,2.1298,-2.29%
1188,01.04.2014,2.1378,2.138,2.155,2.1306,-0.14%
1187,02.04.2014,2.1276,2.1353,2.149,2.1152,-0.48%
1186,03.04.2014,2.1327,2.129,2.1435,2.1226,0.24%
1185,04.04.2014,2.1135,2.13,2.1455,2.102,-0.90%
1184,07.04.2014,2.1103,2.1133,2.125,2.1045,-0.15%
1183,08.04.2014,2.0962,2.1092,2.1132,2.0835,-0.67%
1182,09.04.2014,2.1038,2.0954,2.124,2.0923,0.36%
1181,10.04.2014,2.1093,2.102,2.113,2.0873,0.26%
1180,11.04.2014,2.1129,2.1075,2.129,2.101,0.17%
1179,14.04.2014,2.1208,2.1161,2.135,2.1103,0.37%
1178,15.04.2014,2.1428,2.1148,2.1445,2.111,1.04%
1177,16.04.2014,2.1359,2.1401,2.1425,2.124,-0.32%
1176,17.04.2014,2.1265,2.1349,2.1365,2.1173,-0.44%
1175,18.04.2014,2.1296,2.1232,2.132,2.1202,0.15%
1174,21.04.2014,2.1341,2.125,2.136,2.1217,0.21%
1173,22.04.2014,2.1415,2.1323,2.144,2.128,0.35%
1172,23.04.2014,2.1504,2.1402,2.153,2.136,0.42%
1171,24.04.2014,2.1356,2.1483,2.1508,2.123,-0.69%
1170,25.04.2014,2.134,2.1344,2.1414,2.127,-0.07%
1169,28.04.2014,2.1256,2.1332,2.141,2.119,-0.39%
1168,29.04.2014,2.1212,2.1245,2.1283,2.112,-0.21%
1167,30.04.2014,2.1125,2.1195,2.126,2.107,-0.41%
1166,01.05.2014,2.1054,2.111,2.1135,2.1,-0.34%
1165,02.05.2014,2.1038,2.1041,2.1131,2.093,-0.08%
1164,05.05.2014,2.1003,2.1063,2.1063,2.091,-0.17%
1163,06.05.2014,2.09,2.0992,2.1014,2.0865,-0.49%
1162,07.05.2014,2.0819,2.0892,2.099,2.0785,-0.39%
1161,08.05.2014,2.0738,2.0807,2.085,2.0635,-0.39%
1160,09.05.2014,2.0773,2.0726,2.086,2.068,0.17%
1159,12.05.2014,2.0809,2.0749,2.087,2.0665,0.17%
1158,13.05.2014,2.0684,2.0797,2.0816,2.0605,-0.60%
1157,14.05.2014,2.0707,2.0671,2.081,2.057,0.11%
1156,15.05.2014,2.0983,2.0686,2.103,2.067,1.33%
1155,16.05.2014,2.0998,2.0975,2.1058,2.0875,0.07%
1154,19.05.2014,2.0965,2.0956,2.103,2.0874,-0.16%
1153,20.05.2014,2.1134,2.0959,2.116,2.089,0.81%
1152,21.05.2014,2.094,2.1124,2.1188,2.089,-0.92%
1151,22.05.2014,2.0813,2.0922,2.101,2.0775,-0.61%
1150,23.05.2014,2.0818,2.0809,2.0943,2.074,0.02%
1149,26.05.2014,2.0829,2.0801,2.089,2.0787,0.05%
1148,27.05.2014,2.1018,2.082,2.107,2.0816,0.91%
1147,28.05.2014,2.0997,2.101,2.112,2.0959,-0.10%
1146,29.05.2014,2.0865,2.0984,2.103,2.082,-0.63%
1145,30.05.2014,2.0971,2.0855,2.0981,2.0839,0.51%
1144,02.06.2014,2.1083,2.0959,2.109,2.089,0.53%
1143,03.06.2014,2.1173,2.1065,2.1207,2.092,0.43%
1142,04.06.2014,2.1156,2.1167,2.128,2.109,-0.08%
1141,05.06.2014,2.0963,2.1149,2.1161,2.093,-0.91%
1140,06.06.2014,2.0781,2.0953,2.1015,2.073,-0.87%
1139,09.06.2014,2.0863,2.0754,2.088,2.072,0.39%
1138,10.06.2014,2.0798,2.0847,2.093,2.076,-0.31%
1137,11.06.2014,2.1167,2.0782,2.1174,2.0765,1.77%
1136,12.06.2014,2.1117,2.113,2.1237,2.096,-0.24%
1135,13.06.2014,2.1233,2.1107,2.13,2.1075,0.55%
1134,16.06.2014,2.1424,2.1247,2.145,2.1229,0.90%
1133,17.06.2014,2.1495,2.1411,2.155,2.127,0.33%
1132,18.06.2014,2.1254,2.1488,2.152,2.1226,-1.12%
1131,19.06.2014,2.1426,2.1249,2.1445,2.118,0.81%
1130,20.06.2014,2.1405,2.1406,2.15,2.1313,-0.10%
1129,23.06.2014,2.1373,2.1381,2.147,2.131,-0.15%
1128,24.06.2014,2.1418,2.1363,2.1435,2.124,0.21%
1127,25.06.2014,2.1325,2.1414,2.145,2.126,-0.43%
1126,26.06.2014,2.1258,2.131,2.134,2.121,-0.31%
1125,27.06.2014,2.1228,2.1252,2.129,2.119,-0.14%
1124,30.06.2014,2.1191,2.1229,2.126,2.116,-0.17%
1123,01.07.2014,2.1285,2.1184,2.131,2.113,0.44%
1122,02.07.2014,2.1302,2.1273,2.133,2.121,0.08%
1121,03.07.2014,2.1278,2.1297,2.143,2.124,-0.11%
1120,04.07.2014,2.1329,2.1267,2.135,2.122,0.24%
1119,07.07.2014,2.1293,2.1289,2.137,2.126,-0.17%
1118,08.07.2014,2.1251,2.128,2.131,2.1195,-0.20%
1117,09.07.2014,2.1154,2.1239,2.128,2.1139,-0.46%
1116,10.07.2014,2.1244,2.1142,2.132,2.112,0.43%
1115,11.07.2014,2.1175,2.1223,2.1287,2.1145,-0.32%
1114,14.07.2014,2.1162,2.1169,2.122,2.11,-0.06%
1113,15.07.2014,2.1241,2.1156,2.127,2.113,0.37%
1112,16.07.2014,2.1193,2.1232,2.127,2.114,-0.23%
1111,17.07.2014,2.141,2.1182,2.1426,2.117,1.02%
1110,18.07.2014,2.1247,2.1402,2.1424,2.1187,-0.76%
1109,21.07.2014,2.1183,2.1203,2.1251,2.1123,-0.30%
1108,22.07.2014,2.1065,2.1172,2.1205,2.1019,-0.56%
1107,23.07.2014,2.0886,2.1054,2.1058,2.083,-0.85%
1106,24.07.2014,2.0918,2.0873,2.0978,2.084,0.15%
1105,25.07.2014,2.0939,2.0926,2.096,2.086,0.10%
1104,28.07.2014,2.0993,2.09,2.1032,2.0896,0.26%
1103,29.07.2014,2.1161,2.0984,2.118,2.0977,0.80%
1102,30.07.2014,2.1328,2.1151,2.141,2.1078,0.79%
1101,31.07.2014,2.1418,2.1319,2.148,2.126,0.42%
1100,01.08.2014,2.1334,2.1415,2.1511,2.1225,-0.39%
1099,04.08.2014,2.1313,2.1299,2.138,2.1245,-0.10%
1098,05.08.2014,2.1525,2.13,2.1528,2.12,0.99%
1097,06.08.2014,2.1592,2.1521,2.176,2.1504,0.31%
1096,07.08.2014,2.1671,2.158,2.171,2.1514,0.37%
1095,08.08.2014,2.145,2.1645,2.1873,2.14,-1.02%
1094,11.08.2014,2.1505,2.1432,2.158,2.132,0.26%
1093,12.08.2014,2.1642,2.1499,2.1688,2.148,0.64%
1092,13.08.2014,2.1569,2.1639,2.165,2.149,-0.34%
1091,14.08.2014,2.1518,2.1561,2.164,2.144,-0.24%
1090,15.08.2014,2.1671,2.1512,2.177,2.145,0.71%
1089,18.08.2014,2.1638,2.1616,2.175,2.161,-0.15%
1088,19.08.2014,2.1622,2.1634,2.168,2.1555,-0.07%
1087,20.08.2014,2.186,2.1606,2.186,2.1575,1.10%
1086,21.08.2014,2.1779,2.185,2.1881,2.1655,-0.37%
1085,22.08.2014,2.1755,2.1765,2.185,2.167,-0.11%
1084,25.08.2014,2.179,2.1779,2.182,2.1725,0.16%
1083,26.08.2014,2.1655,2.178,2.181,2.1595,-0.62%
1082,27.08.2014,2.1539,2.1642,2.1677,2.147,-0.54%
1081,28.08.2014,2.1583,2.1535,2.172,2.151,0.20%
1080,29.08.2014,2.1639,2.1569,2.1646,2.149,0.26%
1079,01.09.2014,2.1607,2.1598,2.1664,2.153,-0.15%
1078,02.09.2014,2.1726,2.1595,2.1797,2.1577,0.55%
1077,03.09.2014,2.1577,2.1712,2.1742,2.1525,-0.69%
1076,04.09.2014,2.1632,2.1561,2.1649,2.143,0.25%
1075,05.09.2014,2.159,2.1626,2.1709,2.151,-0.19%
1074,08.09.2014,2.1735,2.1578,2.1744,2.155,0.67%
1073,09.09.2014,2.1963,2.172,2.205,2.167,1.05%
1072,10.09.2014,2.1929,2.1957,2.2152,2.1905,-0.15%
1071,11.09.2014,2.2007,2.1918,2.2029,2.184,0.36%
1070,12.09.2014,2.223,2.1999,2.2234,2.196,1.01%
1069,15.09.2014,2.2121,2.2196,2.2234,2.205,-0.49%
1068,16.09.2014,2.2033,2.2112,2.2207,2.197,-0.40%
1067,17.09.2014,2.2243,2.2029,2.2288,2.1995,0.95%
1066,18.09.2014,2.226,2.2236,2.2372,2.2125,0.08%
1065,19.09.2014,2.2347,2.2245,2.2407,2.2154,0.39%
1064,22.09.2014,2.2407,2.2321,2.2497,2.227,0.27%
1063,23.09.2014,2.2393,2.24,2.2421,2.2255,-0.06%
1062,24.09.2014,2.2366,2.2396,2.2427,2.227,-0.12%
1061,25.09.2014,2.261,2.2356,2.2677,2.2345,1.09%
1060,26.09.2014,2.2623,2.2604,2.2687,2.2515,0.06%
1059,29.09.2014,2.2786,2.2613,2.2907,2.2595,0.72%
1058,30.09.2014,2.2782,2.2794,2.2887,2.268,-0.02%
1057,01.10.2014,2.2833,2.2777,2.2937,2.273,0.22%
1056,02.10.2014,2.2665,2.2827,2.2852,2.2625,-0.74%
1055,03.10.2014,2.2942,2.2661,2.3071,2.263,1.22%
1054,06.10.2014,2.2678,2.2904,2.2931,2.265,-1.15%
1053,07.10.2014,2.2753,2.2667,2.2797,2.2625,0.33%
1052,08.10.2014,2.263,2.2738,2.2977,2.2592,-0.54%
1051,09.10.2014,2.2695,2.2604,2.2704,2.2485,0.29%
1050,10.10.2014,2.2884,2.2692,2.2892,2.268,0.83%
1049,13.10.2014,2.2698,2.2858,2.2875,2.263,-0.81%
1048,14.10.2014,2.273,2.2684,2.2882,2.265,0.14%
1047,15.10.2014,2.2693,2.2716,2.2862,2.2525,-0.16%
1046,16.10.2014,2.2629,2.2689,2.2857,2.2575,-0.28%
1045,17.10.2014,2.246,2.2615,2.2682,2.2415,-0.75%
1044,20.10.2014,2.2437,2.2439,2.2529,2.237,-0.10%
1043,21.10.2014,2.2451,2.2432,2.2482,2.233,0.06%
1042,22.10.2014,2.2463,2.2445,2.2512,2.238,0.05%
1041,23.10.2014,2.236,2.2458,2.252,2.227,-0.46%
1040,24.10.2014,2.2313,2.2353,2.2442,2.229,-0.21%
1039,27.10.2014,2.2294,2.2275,2.2437,2.2275,-0.09%
1038,28.10.2014,2.2066,2.2288,2.2335,2.2,-1.02%
1037,29.10.2014,2.2153,2.2055,2.2193,2.189,0.39%
1036,30.10.2014,2.1988,2.2143,2.2267,2.1959,-0.74%
1035,31.10.2014,2.224,2.1971,2.2275,2.1875,1.15%
1034,03.11.2014,2.2355,2.2169,2.2435,2.2169,0.52%
1033,04.11.2014,2.2235,2.2324,2.2386,2.216,-0.54%
1032,05.11.2014,2.2443,2.2205,2.2497,2.22,0.94%
1031,06.11.2014,2.2636,2.2429,2.2662,2.232,0.86%
1030,07.11.2014,2.258,2.2626,2.282,2.255,-0.25%
1029,10.11.2014,2.2594,2.2559,2.2612,2.242,0.06%
1028,11.11.2014,2.2568,2.2585,2.2732,2.2541,-0.12%
1027,12.11.2014,2.2514,2.2558,2.2662,2.245,-0.24%
1026,13.11.2014,2.2422,2.252,2.2557,2.2326,-0.41%
1025,14.11.2014,2.2296,2.2409,2.2497,2.2283,-0.56%
1024,17.11.2014,2.2312,2.2279,2.2347,2.2225,0.07%
1023,18.11.2014,2.2214,2.2301,2.2322,2.2145,-0.44%
1022,19.11.2014,2.232,2.2203,2.2432,2.218,0.48%
1021,20.11.2014,2.2196,2.2312,2.2433,2.2175,-0.56%
1020,21.11.2014,2.2218,2.2189,2.2294,2.2135,0.10%
1019,24.11.2014,2.23,2.2198,2.2332,2.2145,0.37%
1018,25.11.2014,2.2197,2.2289,2.2392,2.2178,-0.46%
1017,26.11.2014,2.2106,2.218,2.2291,2.2075,-0.41%
1016,27.11.2014,2.2072,2.2096,2.2202,2.2034,-0.15%
1015,28.11.2014,2.2196,2.2055,2.2236,2.203,0.56%
1014,01.12.2014,2.2149,2.2216,2.2302,2.212,-0.21%
1013,02.12.2014,2.2312,2.214,2.2342,2.2115,0.74%
1012,03.12.2014,2.242,2.2302,2.2465,2.225,0.48%
1011,04.12.2014,2.2342,2.239,2.2452,2.2278,-0.35%
1010,05.12.2014,2.261,2.2335,2.2662,2.23,1.20%
1009,08.12.2014,2.2686,2.2638,2.2822,2.2558,0.34%
1008,09.12.2014,2.2674,2.2682,2.2721,2.253,-0.05%
1007,10.12.2014,2.2663,2.2658,2.2702,2.255,-0.05%
1006,11.12.2014,2.2784,2.2655,2.2827,2.255,0.53%
1005,12.12.2014,2.299,2.277,2.3117,2.266,0.90%
1004,15.12.2014,2.376,2.2965,2.3946,2.2905,3.35%
1003,16.12.2014,2.365,2.3741,2.415,2.339,-0.46%
1002,17.12.2014,2.3381,2.359,2.3777,2.307,-1.14%
1001,18.12.2014,2.323,2.338,2.3419,2.309,-0.65%
1000,19.12.2014,2.3121,2.3211,2.3347,2.307,-0.47%
999,22.12.2014,2.3148,2.3079,2.3237,2.307,0.12%
998,23.12.2014,2.3226,2.3134,2.3267,2.31,0.34%
997,24.12.2014,2.3173,2.3206,2.3262,2.31,-0.23%
996,25.12.2014,2.321,2.3171,2.323,2.312,0.16%
995,26.12.2014,2.3175,2.3185,2.3232,2.312,-0.15%
994,29.12.2014,2.3176,2.3154,2.3292,2.3125,0.00%
993,30.12.2014,2.3289,2.317,2.351,2.311,0.49%
992,31.12.2014,2.3345,2.3277,2.34,2.32,0.24%
991,01.01.2015,2.3309,2.3355,2.3365,2.3299,-0.15%
990,02.01.2015,2.3442,2.331,2.3586,2.33,0.57%
989,05.01.2015,2.3318,2.3507,2.3524,2.3238,-0.53%
988,06.01.2015,2.3228,2.3305,2.3367,2.3125,-0.39%
987,07.01.2015,2.3189,2.3222,2.3342,2.317,-0.17%
986,08.01.2015,2.2992,2.3178,2.3229,2.294,-0.85%
985,09.01.2015,2.295,2.2982,2.311,2.2815,-0.18%
984,12.01.2015,2.2853,2.2893,2.2982,2.2799,-0.42%
983,13.01.2015,2.2858,2.2837,2.2888,2.27,0.02%
982,14.01.2015,2.2811,2.2837,2.3087,2.2745,-0.21%
981,15.01.2015,2.3103,2.2801,2.3317,2.269,1.28%
980,16.01.2015,2.3229,2.311,2.342,2.3,0.55%
979,19.01.2015,2.338,2.3311,2.3482,2.324,0.65%
978,20.01.2015,2.3463,2.3362,2.3632,2.321,0.35%
977,21.01.2015,2.3503,2.3445,2.3545,2.33,0.17%
976,22.01.2015,2.3242,2.3495,2.3617,2.3137,-1.11%
975,23.01.2015,2.3483,2.3195,2.3558,2.316,1.04%
974,26.01.2015,2.3542,2.3628,2.3735,2.344,0.25%
973,27.01.2015,2.3641,2.352,2.3739,2.336,0.42%
972,28.01.2015,2.3859,2.3622,2.3873,2.351,0.92%
971,29.01.2015,2.4161,2.3832,2.4212,2.3823,1.27%
970,30.01.2015,2.4464,2.4143,2.4502,2.402,1.25%
969,02.02.2015,2.4306,2.4426,2.4453,2.411,-0.65%
968,03.02.2015,2.4014,2.4294,2.4416,2.3907,-1.20%
967,04.02.2015,2.4665,2.3996,2.4687,2.39,2.71%
966,05.02.2015,2.4375,2.4639,2.4668,2.432,-1.18%
965,06.02.2015,2.4739,2.4348,2.4829,2.424,1.49%
964,09.02.2015,2.4766,2.4777,2.5032,2.4687,0.11%
963,10.02.2015,2.4964,2.4735,2.5097,2.4645,0.80%
962,11.02.2015,2.5004,2.4945,2.5144,2.478,0.16%
961,12.02.2015,2.4666,2.4986,2.5084,2.4627,-1.35%
960,13.02.2015,2.4581,2.466,2.4787,2.454,-0.34%
959,16.02.2015,2.4566,2.4566,2.4642,2.441,-0.06%
958,17.02.2015,2.452,2.4552,2.4591,2.437,-0.19%
957,18.02.2015,2.4418,2.4505,2.47,2.4398,-0.42%
956,19.02.2015,2.457,2.442,2.4602,2.43,0.62%
955,20.02.2015,2.4526,2.453,2.4682,2.447,-0.18%
954,23.02.2015,2.4753,2.4674,2.4862,2.448,0.93%
953,24.02.2015,2.4637,2.4746,2.4907,2.46,-0.47%
952,25.02.2015,2.4886,2.461,2.4933,2.449,1.01%
951,26.02.2015,2.504,2.4874,2.508,2.471,0.62%
950,27.02.2015,2.5088,2.5053,2.5278,2.491,0.19%
949,02.03.2015,2.5169,2.5107,2.524,2.501,0.32%
948,03.03.2015,2.5357,2.5179,2.5413,2.504,0.75%
947,04.03.2015,2.564,2.536,2.5725,2.53,1.12%
946,05.03.2015,2.6069,2.563,2.629,2.56,1.67%
945,06.03.2015,2.6244,2.6064,2.6473,2.5695,0.67%
944,09.03.2015,2.6016,2.6264,2.6335,2.587,-0.87%
943,10.03.2015,2.6385,2.6004,2.647,2.5976,1.42%
942,11.03.2015,2.6105,2.6374,2.645,2.602,-1.06%
941,12.03.2015,2.584,2.6093,2.6156,2.5815,-1.02%
940,13.03.2015,2.6397,2.5831,2.6496,2.5811,2.16%
939,16.03.2015,2.6261,2.6297,2.6433,2.598,-0.52%
938,17.03.2015,2.6117,2.6252,2.633,2.603,-0.55%
937,18.03.2015,2.5702,2.6105,2.627,2.5632,-1.59%
936,19.03.2015,2.607,2.5687,2.619,2.5597,1.43%
935,20.03.2015,2.573,2.603,2.607,2.5682,-1.30%
934,23.03.2015,2.5423,2.5724,2.5926,2.539,-1.19%
933,24.03.2015,2.5519,2.5412,2.57,2.539,0.38%
932,25.03.2015,2.587,2.551,2.594,2.5489,1.38%
931,26.03.2015,2.5957,2.5858,2.618,2.582,0.34%
930,27.03.2015,2.6102,2.591,2.6247,2.591,0.56%
929,30.03.2015,2.6078,2.6098,2.6195,2.5955,-0.09%
928,31.03.2015,2.5978,2.6085,2.6235,2.5905,-0.38%
927,01.04.2015,2.599,2.597,2.614,2.5865,0.05%
926,02.04.2015,2.5855,2.5982,2.6021,2.5805,-0.52%
925,03.04.2015,2.5719,2.5844,2.5982,2.5535,-0.53%
924,06.04.2015,2.571,2.5682,2.5785,2.553,-0.03%
923,07.04.2015,2.6023,2.5735,2.6049,2.563,1.22%
922,08.04.2015,2.5995,2.6008,2.6038,2.582,-0.11%
921,09.04.2015,2.6199,2.5974,2.624,2.582,0.78%
920,10.04.2015,2.6287,2.619,2.6425,2.611,0.34%
919,13.04.2015,2.6705,2.6188,2.674,2.6188,1.59%
918,14.04.2015,2.6883,2.669,2.6949,2.658,0.67%
917,15.04.2015,2.6989,2.6874,2.7316,2.68,0.39%
916,16.04.2015,2.6786,2.6974,2.715,2.6692,-0.75%
915,17.04.2015,2.6782,2.6771,2.701,2.6708,-0.01%
914,20.04.2015,2.6993,2.687,2.7119,2.6693,0.79%
913,21.04.2015,2.6858,2.6991,2.7159,2.676,-0.50%
912,22.04.2015,2.7123,2.6844,2.722,2.675,0.99%
911,23.04.2015,2.7015,2.7109,2.7349,2.695,-0.40%
910,24.04.2015,2.7144,2.7,2.7438,2.697,0.48%
909,27.04.2015,2.6744,2.7242,2.739,2.6652,-1.47%
908,28.04.2015,2.6584,2.6733,2.6945,2.648,-0.60%
907,29.04.2015,2.6605,2.6573,2.675,2.642,0.08%
906,30.04.2015,2.6723,2.6594,2.685,2.647,0.44%
905,01.05.2015,2.7079,2.6708,2.7124,2.6626,1.33%
904,04.05.2015,2.713,2.7122,2.7243,2.693,0.19%
903,05.05.2015,2.7045,2.7099,2.725,2.699,-0.31%
902,06.05.2015,2.6928,2.703,2.722,2.684,-0.43%
901,07.05.2015,2.6852,2.6916,2.715,2.675,-0.28%
900,08.05.2015,2.6953,2.6842,2.7038,2.672,0.38%
899,11.05.2015,2.6938,2.688,2.705,2.677,-0.06%
898,12.05.2015,2.6635,2.6925,2.705,2.6577,-1.12%
897,13.05.2015,2.6307,2.6624,2.673,2.6187,-1.23%
896,14.05.2015,2.5909,2.6296,2.6337,2.586,-1.51%
895,15.05.2015,2.5759,2.5898,2.6007,2.5728,-0.58%
894,18.05.2015,2.5806,2.575,2.59,2.57,0.18%
893,19.05.2015,2.5935,2.5797,2.6049,2.571,0.50%
892,20.05.2015,2.5776,2.5923,2.613,2.5683,-0.61%
891,21.05.2015,2.5889,2.5761,2.596,2.557,0.44%
890,22.05.2015,2.5991,2.5877,2.608,2.581,0.39%
889,25.05.2015,2.6155,2.5986,2.62,2.5913,0.63%
888,26.05.2015,2.6417,2.6129,2.645,2.612,1.00%
887,27.05.2015,2.6421,2.6397,2.667,2.63,0.02%
886,28.05.2015,2.6543,2.6407,2.6679,2.638,0.46%
885,29.05.2015,2.663,2.654,2.6687,2.644,0.33%
884,01.06.2015,2.6829,2.6598,2.6865,2.6572,0.75%
883,02.06.2015,2.6743,2.682,2.694,2.668,-0.32%
882,03.06.2015,2.6856,2.6732,2.693,2.6697,0.42%
881,04.06.2015,2.6677,2.6843,2.708,2.656,-0.67%
880,05.06.2015,2.6621,2.6664,2.692,2.652,-0.21%
879,08.06.2015,2.7515,2.7678,2.8117,2.741,3.36%
878,09.06.2015,2.7521,2.7505,2.7642,2.728,0.02%
877,10.06.2015,2.7345,2.7503,2.7564,2.724,-0.64%
876,11.06.2015,2.7022,2.7318,2.7532,2.6971,-1.18%
875,12.06.2015,2.7128,2.7015,2.7262,2.6992,0.39%
874,15.06.2015,2.7358,2.7099,2.746,2.7099,0.85%
873,16.06.2015,2.7345,2.7342,2.7527,2.723,-0.05%
872,17.06.2015,2.7061,2.7325,2.7452,2.7049,-1.04%
871,18.06.2015,2.7123,2.7038,2.7212,2.702,0.23%
870,19.06.2015,2.6951,2.7107,2.7254,2.6889,-0.63%
869,22.06.2015,2.6656,2.6943,2.6976,2.658,-1.09%
868,23.06.2015,2.6789,2.6645,2.686,2.6619,0.50%
867,24.06.2015,2.6776,2.6778,2.689,2.667,-0.05%
866,25.06.2015,2.655,2.6767,2.6793,2.6495,-0.84%
865,26.06.2015,2.6649,2.6542,2.675,2.6525,0.37%
864,29.06.2015,2.7028,2.664,2.7096,2.664,1.42%
863,30.06.2015,2.6816,2.7008,2.7073,2.667,-0.78%
862,01.07.2015,2.6917,2.6807,2.697,2.667,0.38%
861,02.07.2015,2.6843,2.69,2.707,2.679,-0.27%
860,03.07.2015,2.6885,2.6836,2.695,2.6805,0.16%
859,06.07.2015,2.6781,2.6907,2.7163,2.6703,-0.39%
858,07.07.2015,2.6854,2.6772,2.7002,2.669,0.27%
857,08.07.2015,2.6881,2.6849,2.7016,2.6749,0.10%
856,09.07.2015,2.6788,2.6871,2.6897,2.6625,-0.35%
855,10.07.2015,2.6667,2.6766,2.6808,2.654,-0.45%
854,13.07.2015,2.6456,2.6708,2.6751,2.641,-0.79%
853,14.07.2015,2.6317,2.645,2.652,2.624,-0.53%
852,15.07.2015,2.6464,2.6305,2.6521,2.625,0.56%
851,16.07.2015,2.6565,2.6442,2.6594,2.638,0.38%
850,17.07.2015,2.6526,2.6554,2.6585,2.6449,-0.15%
849,20.07.2015,2.6983,2.6518,2.702,2.6518,1.72%
848,21.07.2015,2.6844,2.6975,2.7002,2.678,-0.52%
847,22.07.2015,2.7067,2.6835,2.725,2.678,0.83%
846,23.07.2015,2.7344,2.7057,2.7397,2.7033,1.02%
845,24.07.2015,2.7377,2.7336,2.7539,2.7225,0.12%
844,27.07.2015,2.7713,2.7399,2.778,2.732,1.23%
843,28.07.2015,2.76,2.7704,2.774,2.741,-0.41%
842,29.07.2015,2.765,2.7584,2.776,2.7521,0.18%
841,30.07.2015,2.7826,2.7645,2.7932,2.758,0.64%
840,31.07.2015,2.771,2.7818,2.7981,2.751,-0.42%
839,03.08.2015,2.7812,2.7662,2.7844,2.7619,0.37%
838,04.08.2015,2.7826,2.7801,2.7842,2.763,0.05%
837,05.08.2015,2.7868,2.7822,2.794,2.764,0.15%
836,06.08.2015,2.7757,2.7856,2.792,2.773,-0.40%
835,07.08.2015,2.7802,2.7752,2.794,2.771,0.16%
834,10.08.2015,2.7794,2.7802,2.797,2.773,-0.03%
833,11.08.2015,2.7797,2.7782,2.7905,2.757,0.01%
832,12.08.2015,2.7776,2.7787,2.788,2.7647,-0.08%
831,13.08.2015,2.82,2.7761,2.83,2.768,1.53%
830,14.08.2015,2.834,2.8196,2.8475,2.8156,0.50%
829,17.08.2015,2.8683,2.8355,2.8734,2.8232,1.21%
828,18.08.2015,2.8946,2.8672,2.9093,2.862,0.92%
827,19.08.2015,2.9255,2.8931,2.945,2.882,1.07%
826,20.08.2015,2.916,2.9246,2.9999,2.886,-0.32%
825,21.08.2015,2.9187,2.9145,2.9365,2.901,0.09%
824,24.08.2015,2.9421,2.919,2.9865,2.9149,0.80%
823,25.08.2015,2.9402,2.9406,2.9509,2.908,-0.06%
822,26.08.2015,2.9318,2.9387,2.9511,2.914,-0.29%
821,27.08.2015,2.9099,2.9307,2.9348,2.894,-0.75%
820,28.08.2015,2.9238,2.9084,2.9318,2.904,0.48%
819,31.08.2015,2.9148,2.9229,2.9329,2.905,-0.31%
818,01.09.2015,2.9302,2.9134,2.9329,2.904,0.53%
817,02.09.2015,2.9414,2.9294,2.959,2.9213,0.38%
816,03.09.2015,2.9707,2.9403,2.9785,2.936,1.00%
815,04.09.2015,3.0074,2.9698,3.0141,2.966,1.24%
814,07.09.2015,3.0301,2.9977,3.0464,2.9977,0.75%
813,08.09.2015,3.0111,3.0305,3.035,2.9997,-0.63%
812,09.09.2015,3.036,3.0096,3.0441,2.984,0.83%
811,10.09.2015,3.0228,3.0353,3.0631,3.013,-0.43%
810,11.09.2015,3.0465,3.0215,3.061,3.0149,0.78%
809,14.09.2015,3.0578,3.0345,3.072,3.0345,0.37%
808,15.09.2015,3.03,3.0578,3.072,3.019,-0.91%
807,16.09.2015,2.9984,3.0285,3.0325,2.9885,-1.04%
806,17.09.2015,3.0124,2.9973,3.0295,2.9732,0.47%
805,18.09.2015,3.0051,3.0115,3.0152,2.9747,-0.24%
804,21.09.2015,3.0062,3.0069,3.0281,2.979,0.04%
803,22.09.2015,3.026,3.0055,3.041,2.986,0.66%
802,23.09.2015,3.0385,3.0239,3.0485,3.0101,0.41%
801,24.09.2015,3.0403,3.0376,3.0754,3.0261,0.06%
800,25.09.2015,3.0467,3.0367,3.0577,3.0216,0.21%
799,28.09.2015,3.0579,3.0461,3.0625,3.026,0.37%
798,29.09.2015,3.0368,3.0547,3.0705,3.0295,-0.69%
797,30.09.2015,3.0257,3.0359,3.0443,3.0145,-0.37%
796,01.10.2015,3.0267,3.0244,3.033,3.006,0.03%
795,02.10.2015,2.9906,3.0256,3.0373,2.984,-1.19%
794,05.10.2015,2.9837,2.9936,3.0031,2.9798,-0.23%
793,06.10.2015,2.9583,2.9807,2.9995,2.9531,-0.85%
792,07.10.2015,2.9402,2.9572,2.963,2.912,-0.61%
791,08.10.2015,2.8935,2.939,2.95,2.8895,-1.59%
790,09.10.2015,2.9118,2.892,2.9212,2.886,0.63%
789,12.10.2015,2.9264,2.9157,2.9591,2.911,0.50%
788,13.10.2015,2.9586,2.9249,2.962,2.922,1.10%
787,14.10.2015,2.9137,2.9571,2.964,2.909,-1.52%
786,15.10.2015,2.8803,2.9128,2.9148,2.874,-1.15%
785,16.10.2015,2.8917,2.8794,2.909,2.8753,0.40%
784,19.10.2015,2.9054,2.8928,2.9075,2.876,0.47%
783,20.10.2015,2.9003,2.9043,2.9101,2.882,-0.18%
782,21.10.2015,2.8954,2.8995,2.9155,2.8892,-0.17%
781,22.10.2015,2.8726,2.8939,2.9026,2.861,-0.79%
780,23.10.2015,2.9078,2.8708,2.9165,2.855,1.23%
779,26.10.2015,2.89,2.9053,2.9207,2.879,-0.61%
778,27.10.2015,2.9041,2.8894,2.918,2.8843,0.49%
777,28.10.2015,2.9247,2.9026,2.9336,2.8841,0.71%
776,29.10.2015,2.9375,2.9232,2.9435,2.9141,0.44%
775,30.10.2015,2.9151,2.937,2.9422,2.906,-0.76%
774,02.11.2015,2.8239,2.9144,2.9156,2.754,-3.13%
773,03.11.2015,2.829,2.8228,2.8515,2.807,0.18%
772,04.11.2015,2.8631,2.8268,2.87,2.821,1.21%
771,05.11.2015,2.8607,2.8616,2.8779,2.853,-0.08%
770,06.11.2015,2.9152,2.8597,2.9327,2.8558,1.91%
769,09.11.2015,2.9207,2.9125,2.9289,2.91,0.19%
768,10.11.2015,2.9158,2.9195,2.9263,2.8995,-0.17%
767,11.11.2015,2.8748,2.9138,2.9158,2.8704,-1.41%
766,12.11.2015,2.8651,2.8733,2.892,2.8555,-0.34%
765,13.11.2015,2.8637,2.8636,2.8786,2.854,-0.05%
764,16.11.2015,2.8834,2.8639,2.8882,2.8623,0.69%
763,17.11.2015,2.8691,2.8819,2.8902,2.857,-0.50%
762,18.11.2015,2.8619,2.8676,2.8764,2.852,-0.25%
761,19.11.2015,2.8427,2.8604,2.8709,2.836,-0.67%
760,20.11.2015,2.8317,2.8417,2.8497,2.812,-0.39%
759,23.11.2015,2.8508,2.8277,2.8538,2.8243,0.67%
758,24.11.2015,2.8773,2.8496,2.885,2.84,0.93%
757,25.11.2015,2.8884,2.8764,2.8941,2.871,0.39%
756,26.11.2015,2.9211,2.8876,2.9275,2.8825,1.13%
755,27.11.2015,2.9245,2.9203,2.9353,2.9065,0.12%
754,30.11.2015,2.9131,2.9201,2.9365,2.894,-0.39%
753,01.12.2015,2.8907,2.9126,2.9146,2.875,-0.77%
752,02.12.2015,2.8893,2.8897,2.901,2.869,-0.05%
751,03.12.2015,2.8846,2.8885,2.898,2.867,-0.16%
750,04.12.2015,2.895,2.884,2.9171,2.873,0.36%
749,07.12.2015,2.9135,2.8927,2.918,2.875,0.64%
748,08.12.2015,2.91,2.9122,2.9258,2.9,-0.12%
747,09.12.2015,2.9165,2.9088,2.9295,2.899,0.22%
746,10.12.2015,2.9235,2.9151,2.9296,2.9,0.24%
745,11.12.2015,2.9817,2.9224,2.9899,2.914,1.99%
744,14.12.2015,2.9796,2.9731,2.9985,2.943,-0.07%
743,15.12.2015,2.964,2.9785,2.9915,2.947,-0.52%
742,16.12.2015,2.9352,2.9625,2.9757,2.9185,-0.97%
741,17.12.2015,2.9292,2.9336,2.951,2.914,-0.20%
740,18.12.2015,2.9087,2.9293,2.9388,2.901,-0.70%
739,21.12.2015,2.9145,2.9069,2.9235,2.901,0.20%
738,22.12.2015,2.9308,2.913,2.952,2.9047,0.56%
737,23.12.2015,2.9169,2.9277,2.939,2.9143,-0.47%
736,24.12.2015,2.9185,2.9154,2.9272,2.911,0.05%
735,25.12.2015,2.923,2.917,2.9255,2.908,0.15%
734,28.12.2015,2.9062,2.9178,2.9259,2.9023,-0.57%
733,29.12.2015,2.9063,2.905,2.9155,2.9,0.00%
732,30.12.2015,2.9186,2.9048,2.9331,2.902,0.42%
731,31.12.2015,2.9177,2.915,2.9311,2.902,-0.03%
730,01.01.2016,2.9139,2.9167,2.9201,2.9119,-0.13%
729,04.01.2016,2.9642,2.9175,2.981,2.9127,1.73%
728,05.01.2016,2.9852,2.9634,2.9918,2.953,0.71%
727,06.01.2016,3.0024,2.9839,3.016,2.981,0.58%
726,07.01.2016,2.9993,2.9997,3.029,2.984,-0.10%
725,08.01.2016,3.0214,2.9981,3.0231,2.98,0.74%
724,11.01.2016,3.0377,3.0197,3.0437,3.008,0.54%
723,12.01.2016,3.0332,3.0362,3.049,3.02,-0.15%
722,13.01.2016,3.0285,3.0315,3.0365,3.002,-0.15%
721,14.01.2016,3.0235,3.024,3.0435,3.014,-0.17%
720,15.01.2016,3.0484,3.021,3.0549,3.0197,0.82%
719,18.01.2016,3.0365,3.0469,3.0533,3.027,-0.39%
718,19.01.2016,3.0402,3.0335,3.0467,3.016,0.12%
717,20.01.2016,3.0422,3.039,3.063,3.0339,0.07%
716,21.01.2016,3.0126,3.0413,3.0541,3.0091,-0.97%
715,22.01.2016,3.0038,3.0111,3.0238,2.9975,-0.29%
714,25.01.2016,3.0214,2.9995,3.0245,2.9969,0.59%
713,26.01.2016,3.0088,3.0199,3.0356,3.001,-0.42%
712,27.01.2016,3.0014,3.0073,3.019,2.984,-0.25%
711,28.01.2016,2.9693,3.0004,3.003,2.964,-1.07%
710,29.01.2016,2.9553,2.9684,2.978,2.95,-0.47%
709,01.02.2016,2.9456,2.9551,2.978,2.94,-0.33%
708,02.02.2016,2.9519,2.9449,2.961,2.942,0.21%
707,03.02.2016,2.9164,2.9511,2.9646,2.906,-1.20%
706,04.02.2016,2.9118,2.9149,2.927,2.8853,-0.16%
705,05.02.2016,2.9232,2.9108,2.9268,2.889,0.39%
704,08.02.2016,2.9473,2.9175,2.955,2.911,0.82%
703,09.02.2016,2.9407,2.9466,2.9631,2.926,-0.22%
702,10.02.2016,2.9218,2.9395,2.9427,2.914,-0.64%
701,11.02.2016,2.931,2.9203,2.947,2.914,0.31%
700,12.02.2016,2.9295,2.928,2.9398,2.915,-0.05%
699,15.02.2016,2.9461,2.9293,2.956,2.9237,0.57%
698,16.02.2016,2.9774,2.9446,2.9818,2.94,1.06%
697,17.02.2016,2.9561,2.9744,2.9843,2.94,-0.72%
696,18.02.2016,2.9705,2.9553,2.9752,2.947,0.49%
695,19.02.2016,2.9516,2.9676,2.9758,2.947,-0.64%
694,22.02.2016,2.9367,2.9522,2.9577,2.929,-0.50%
693,23.02.2016,2.9437,2.9358,2.947,2.926,0.24%
692,24.02.2016,2.9363,2.9427,2.955,2.931,-0.25%
691,25.02.2016,2.928,2.9348,2.9428,2.916,-0.28%
690,26.02.2016,2.9925,2.927,3.0015,2.9175,2.20%
689,29.02.2016,2.9654,2.9953,2.9963,2.951,-0.91%
688,01.03.2016,2.9361,2.963,2.9682,2.9275,-0.99%
687,02.03.2016,2.9253,2.9354,2.9481,2.922,-0.37%
686,03.03.2016,2.9088,2.9239,2.9347,2.904,-0.56%
685,04.03.2016,2.9082,2.907,2.9278,2.899,-0.02%
684,07.03.2016,2.916,2.9073,2.9326,2.9023,0.27%
683,08.03.2016,2.9144,2.9136,2.9306,2.9051,-0.05%
682,09.03.2016,2.8907,2.9135,2.9212,2.884,-0.81%
681,10.03.2016,2.8915,2.8913,2.91,2.8715,0.03%
680,11.03.2016,2.867,2.89,2.898,2.8621,-0.85%
679,14.03.2016,2.8704,2.8675,2.888,2.861,0.12%
678,15.03.2016,2.8986,2.8696,2.912,2.865,0.98%
677,16.03.2016,2.8684,2.8971,2.931,2.862,-1.04%
676,17.03.2016,2.8417,2.8669,2.874,2.837,-0.93%
675,18.03.2016,2.8676,2.8388,2.8694,2.837,0.91%
674,21.03.2016,2.8585,2.8611,2.8815,2.8525,-0.32%
673,22.03.2016,2.8668,2.8607,2.8851,2.8545,0.29%
672,23.03.2016,2.8775,2.8647,2.8829,2.861,0.37%
671,24.03.2016,2.8724,2.8749,2.891,2.8687,-0.18%
670,25.03.2016,2.8763,2.8713,2.883,2.8645,0.14%
669,28.03.2016,2.8688,2.8709,2.88,2.863,-0.26%
668,29.03.2016,2.8377,2.8673,2.877,2.833,-1.08%
667,30.03.2016,2.8359,2.8363,2.849,2.822,-0.06%
666,31.03.2016,2.817,2.8344,2.8425,2.811,-0.67%
665,01.04.2016,2.8221,2.8155,2.837,2.8118,0.18%
664,04.04.2016,2.8128,2.822,2.8291,2.802,-0.33%
663,05.04.2016,2.8324,2.811,2.838,2.807,0.70%
662,06.04.2016,2.8406,2.8309,2.859,2.821,0.29%
661,07.04.2016,2.8618,2.8397,2.865,2.8235,0.75%
660,08.04.2016,2.8491,2.8603,2.8716,2.841,-0.44%
659,11.04.2016,2.8331,2.8471,2.8541,2.816,-0.56%
658,12.04.2016,2.8354,2.8316,2.849,2.817,0.08%
657,13.04.2016,2.8467,2.8339,2.859,2.83,0.40%
656,14.04.2016,2.8499,2.8452,2.872,2.841,0.11%
655,15.04.2016,2.8545,2.8489,2.8635,2.8459,0.16%
654,18.04.2016,2.8398,2.8515,2.8661,2.834,-0.51%
653,19.04.2016,2.8312,2.8383,2.843,2.821,-0.30%
652,20.04.2016,2.814,2.8297,2.842,2.804,-0.61%
651,21.04.2016,2.8331,2.8135,2.8363,2.807,0.68%
650,22.04.2016,2.8489,2.8307,2.854,2.8215,0.56%
649,25.04.2016,2.844,2.8434,2.8535,2.839,-0.17%
648,26.04.2016,2.8208,2.843,2.8491,2.813,-0.82%
647,27.04.2016,2.8189,2.8193,2.8405,2.812,-0.07%
646,28.04.2016,2.8129,2.8174,2.8349,2.802,-0.21%
645,29.04.2016,2.7955,2.8125,2.815,2.788,-0.62%
644,02.05.2016,2.8049,2.7954,2.8077,2.7879,0.34%
643,03.05.2016,2.8491,2.8047,2.8518,2.7885,1.58%
642,04.05.2016,2.9625,2.8508,2.9788,2.8438,3.98%
641,05.05.2016,2.9242,2.9623,2.9623,2.8937,-1.29%
640,06.05.2016,2.9273,2.9226,2.9436,2.908,0.11%
639,09.05.2016,2.9449,2.9276,2.9503,2.911,0.60%
638,10.05.2016,2.9516,2.944,2.9581,2.9291,0.23%
637,11.05.2016,2.9527,2.9502,2.976,2.94,0.04%
636,12.05.2016,2.9623,2.9545,2.967,2.9398,0.33%
635,13.05.2016,2.9702,2.9605,2.9755,2.951,0.27%
634,16.05.2016,2.9767,2.967,2.9878,2.9588,0.22%
633,17.05.2016,2.9637,2.9762,2.9774,2.957,-0.44%
632,18.05.2016,2.9902,2.9631,2.9942,2.96,0.89%
631,19.05.2016,2.987,2.9905,3.004,2.982,-0.11%
630,20.05.2016,2.9762,2.985,2.9915,2.967,-0.36%
629,23.05.2016,2.9952,2.977,2.9985,2.9729,0.64%
628,24.05.2016,2.9445,2.9962,3.0145,2.9405,-1.69%
627,25.05.2016,2.9368,2.9435,2.955,2.929,-0.26%
626,26.05.2016,2.9346,2.9373,2.948,2.924,-0.07%
625,27.05.2016,2.9575,2.9341,2.9639,2.933,0.78%
624,30.05.2016,2.956,2.9575,2.97,2.9477,-0.05%
623,31.05.2016,2.9495,2.955,2.9604,2.9425,-0.22%
622,01.06.2016,2.9419,2.9499,2.9585,2.9324,-0.26%
621,02.06.2016,2.9488,2.9421,2.9546,2.9336,0.23%
620,03.06.2016,2.9028,2.9488,2.9538,2.9009,-1.56%
619,06.06.2016,2.9039,2.9112,2.9172,2.9023,0.04%
618,07.06.2016,2.8971,2.9044,2.9125,2.8915,-0.23%
617,08.06.2016,2.8931,2.8966,2.9013,2.879,-0.14%
616,09.06.2016,2.8919,2.8914,2.9026,2.8858,-0.04%
615,10.06.2016,2.9291,2.8922,2.9398,2.8922,1.29%
614,13.06.2016,2.9196,2.9293,2.935,2.9085,-0.32%
613,14.06.2016,2.935,2.9198,2.942,2.9132,0.53%
612,15.06.2016,2.925,2.937,2.9405,2.916,-0.34%
611,16.06.2016,2.931,2.925,2.96,2.921,0.21%
610,17.06.2016,2.9271,2.9324,2.9381,2.9242,-0.13%
609,20.06.2016,2.9062,2.9316,2.9316,2.896,-0.71%
608,21.06.2016,2.9097,2.9061,2.916,2.892,0.12%
607,22.06.2016,2.8936,2.9106,2.919,2.8901,-0.55%
606,23.06.2016,2.8548,2.8956,2.8986,2.8527,-1.34%
605,24.06.2016,2.9293,2.8523,3.0057,2.8403,2.61%
604,27.06.2016,2.941,2.9285,2.9538,2.9218,0.40%
603,28.06.2016,2.9043,2.939,2.9415,2.8873,-1.25%
602,29.06.2016,2.8892,2.9038,2.9105,2.8833,-0.52%
601,30.06.2016,2.8777,2.8918,2.9064,2.8689,-0.40%
600,01.07.2016,2.9019,2.8766,2.9042,2.8697,0.84%
599,04.07.2016,2.9066,2.9029,2.9093,2.8805,0.16%
598,05.07.2016,2.9293,2.9068,2.9354,2.9015,0.78%
597,06.07.2016,2.9371,2.9297,2.956,2.9235,0.27%
596,07.07.2016,2.9367,2.9371,2.9431,2.9225,-0.01%
595,08.07.2016,2.8913,2.9378,2.941,2.8862,-1.55%
594,11.07.2016,2.9045,2.8914,2.908,2.887,0.46%
593,12.07.2016,2.887,2.9045,2.9065,2.8815,-0.60%
592,13.07.2016,2.8998,2.8855,2.9089,2.8849,0.44%
591,14.07.2016,2.8782,2.899,2.905,2.8761,-0.74%
590,15.07.2016,3.0198,2.8774,3.0486,2.8765,4.92%
589,18.07.2016,2.9777,3.0199,3.0199,2.9235,-1.39%
588,19.07.2016,3.045,2.98,3.063,2.9675,2.26%
587,20.07.2016,3.0899,3.0435,3.0965,3.01,1.47%
586,21.07.2016,3.0706,3.0894,3.0943,3.049,-0.62%
585,22.07.2016,3.065,3.0716,3.0819,3.0403,-0.18%
584,25.07.2016,3.0369,3.0655,3.0755,3.02,-0.92%
583,26.07.2016,3.0453,3.038,3.0526,3.017,0.28%
582,27.07.2016,3.0187,3.0453,3.0495,3.0145,-0.87%
581,28.07.2016,3.0126,3.0182,3.0252,3.007,-0.20%
580,29.07.2016,2.9883,3.0124,3.0259,2.9845,-0.81%
579,01.08.2016,2.9904,2.9936,2.9984,2.9708,0.07%
578,02.08.2016,2.9915,2.9911,3.0036,2.981,0.04%
577,03.08.2016,3.0139,2.9926,3.0231,2.9909,0.75%
576,04.08.2016,3.0111,3.0133,3.0285,3.0065,-0.09%
575,05.08.2016,2.9987,3.0106,3.0206,2.995,-0.41%
574,08.08.2016,2.9845,3.0018,3.0055,2.9796,-0.47%
573,09.08.2016,2.9682,2.9823,2.9891,2.9661,-0.55%
572,10.08.2016,2.9576,2.9679,2.9707,2.9441,-0.36%
571,11.08.2016,2.9573,2.9571,2.971,2.9503,-0.01%
570,12.08.2016,2.9594,2.9573,2.9649,2.9425,0.07%
569,15.08.2016,2.9407,2.9572,2.9617,2.9387,-0.63%
568,16.08.2016,2.9295,2.9402,2.9439,2.9141,-0.38%
567,17.08.2016,2.9222,2.929,2.941,2.9173,-0.25%
566,18.08.2016,2.9273,2.9217,2.936,2.9128,0.17%
565,19.08.2016,2.9293,2.9267,2.9453,2.924,0.07%
564,22.08.2016,2.9419,2.9301,2.9518,2.9276,0.43%
563,23.08.2016,2.951,2.9429,2.9561,2.9295,0.31%
562,24.08.2016,2.9517,2.952,2.9691,2.944,0.02%
561,25.08.2016,2.9344,2.9518,2.9545,2.9309,-0.59%
560,26.08.2016,2.9538,2.9339,2.9597,2.922,0.66%
559,29.08.2016,2.9507,2.9569,2.9613,2.9475,-0.10%
558,30.08.2016,2.9631,2.9502,2.9679,2.9485,0.42%
557,31.08.2016,2.958,2.963,2.9669,2.952,-0.17%
556,01.09.2016,2.9612,2.958,2.973,2.9536,0.11%
555,02.09.2016,2.9509,2.9611,2.9669,2.9411,-0.35%
554,05.09.2016,2.9457,2.9491,2.9521,2.9401,-0.18%
553,06.09.2016,2.9224,2.9457,2.9485,2.9196,-0.79%
552,07.09.2016,2.9364,2.9225,2.944,2.9185,0.48%
551,08.09.2016,2.9512,2.9363,2.957,2.9289,0.50%
550,09.09.2016,2.963,2.9528,2.9797,2.947,0.40%
549,12.09.2016,2.9675,2.9693,2.9939,2.9615,0.15%
548,13.09.2016,2.9846,2.9677,2.9897,2.9615,0.58%
547,14.09.2016,2.9794,2.9841,2.9882,2.9725,-0.17%
546,15.09.2016,2.9687,2.9798,2.989,2.9625,-0.36%
545,16.09.2016,2.9809,2.9682,2.986,2.961,0.41%
544,19.09.2016,2.9771,2.9836,2.9851,2.9701,-0.13%
543,20.09.2016,2.9781,2.9762,2.9823,2.9703,0.03%
542,21.09.2016,2.9551,2.9779,2.9886,2.9493,-0.77%
541,22.09.2016,2.944,2.9556,2.9585,2.9378,-0.38%
540,23.09.2016,2.9672,2.9425,2.9683,2.9406,0.79%
539,26.09.2016,2.981,2.9917,2.9991,2.972,0.47%
538,27.09.2016,2.9746,2.9805,2.986,2.9638,-0.21%
537,28.09.2016,2.9798,2.9741,2.9898,2.9705,0.17%
536,29.09.2016,2.9997,2.9799,3.0106,2.9766,0.67%
535,30.09.2016,2.9992,2.9998,3.0128,2.9945,-0.02%
534,03.10.2016,3.0188,3.002,3.028,2.9979,0.65%
533,04.10.2016,3.0578,3.0193,3.0663,3.0173,1.29%
532,05.10.2016,3.0516,3.0598,3.0664,3.0479,-0.20%
531,06.10.2016,3.0397,3.0516,3.061,3.038,-0.39%
530,07.10.2016,3.051,3.0398,3.0644,3.033,0.37%
529,10.10.2016,3.0718,3.0498,3.0786,3.0415,0.68%
528,11.10.2016,3.084,3.0713,3.0896,3.0665,0.40%
527,12.10.2016,3.0853,3.0835,3.0981,3.0704,0.04%
526,13.10.2016,3.0858,3.0848,3.114,3.0785,0.02%
525,14.10.2016,3.0905,3.0873,3.0997,3.0699,0.15%
524,17.10.2016,3.096,3.0855,3.113,3.0855,0.18%
523,18.10.2016,3.0953,3.0963,3.1145,3.087,-0.02%
522,19.10.2016,3.0616,3.0941,3.0981,3.0535,-1.09%
521,20.10.2016,3.0601,3.0605,3.0767,3.051,-0.05%
520,21.10.2016,3.0814,3.0602,3.0905,3.0537,0.70%
519,24.10.2016,3.076,3.0839,3.0895,3.0685,-0.18%
518,25.10.2016,3.0711,3.0745,3.0913,3.0685,-0.16%
517,26.10.2016,3.0813,3.0711,3.091,3.068,0.33%
516,27.10.2016,3.1138,3.0808,3.1152,3.0796,1.05%
515,28.10.2016,3.1069,3.1138,3.1283,3.103,-0.22%
514,31.10.2016,3.0939,3.1033,3.1172,3.0913,-0.42%
513,01.11.2016,3.1116,3.0938,3.1229,3.0909,0.57%
512,02.11.2016,3.1138,3.1123,3.1265,3.108,0.07%
511,03.11.2016,3.1101,3.115,3.1242,3.1038,-0.12%
510,04.11.2016,3.1569,3.1101,3.1755,3.1091,1.50%
509,07.11.2016,3.1681,3.1568,3.1806,3.142,0.35%
508,08.11.2016,3.155,3.168,3.1859,3.1515,-0.41%
507,09.11.2016,3.2099,3.155,3.2905,3.154,1.74%
506,10.11.2016,3.2509,3.2094,3.2635,3.1928,1.28%
505,11.11.2016,3.2522,3.251,3.2795,3.234,0.04%
504,14.11.2016,3.29,3.251,3.2995,3.244,1.16%
503,15.11.2016,3.2906,3.29,3.2985,3.263,0.02%
502,16.11.2016,3.3234,3.2916,3.3298,3.2835,1.00%
501,17.11.2016,3.3706,3.3238,3.3782,3.308,1.42%
500,18.11.2016,3.3753,3.3701,3.4088,3.354,0.14%
499,21.11.2016,3.3616,3.3735,3.396,3.35,-0.41%
498,22.11.2016,3.3844,3.3616,3.3943,3.35,0.68%
497,23.11.2016,3.3941,3.3854,3.4181,3.3681,0.29%
496,24.11.2016,3.4455,3.3967,3.4546,3.3697,1.51%
495,25.11.2016,3.4468,3.4457,3.4764,3.4341,0.04%
494,28.11.2016,3.4148,3.4515,3.4579,3.4071,-0.93%
493,29.11.2016,3.4088,3.4143,3.435,3.4045,-0.18%
492,30.11.2016,3.437,3.4083,3.4421,3.4045,0.83%
491,01.12.2016,3.5037,3.4365,3.5064,3.4255,1.94%
490,02.12.2016,3.519,3.5042,3.586,3.4822,0.44%
489,05.12.2016,3.5231,3.52,3.5626,3.5149,0.12%
488,06.12.2016,3.4456,3.5226,3.5415,3.4312,-2.20%
487,07.12.2016,3.3902,3.447,3.46,3.3803,-1.61%
486,08.12.2016,3.4434,3.3893,3.4971,3.3384,1.57%
485,09.12.2016,3.4869,3.4422,3.5058,3.4185,1.26%
484,12.12.2016,3.4688,3.4816,3.5495,3.4654,-0.52%
483,13.12.2016,3.4899,3.4688,3.5055,3.4514,0.61%
482,14.12.2016,3.5323,3.4906,3.5402,3.4545,1.21%
481,15.12.2016,3.5119,3.5323,3.5438,3.499,-0.58%
480,16.12.2016,3.5068,3.5114,3.5207,3.482,-0.15%
479,19.12.2016,3.5331,3.5067,3.537,3.487,0.75%
478,20.12.2016,3.5275,3.5338,3.5425,3.5005,-0.16%
477,21.12.2016,3.5089,3.527,3.5341,3.504,-0.53%
476,22.12.2016,3.5114,3.5091,3.5191,3.4981,0.07%
475,23.12.2016,3.5169,3.5121,3.5189,3.4975,0.16%
474,26.12.2016,3.5118,3.518,3.5209,3.5046,-0.15%
473,27.12.2016,3.5214,3.5123,3.5273,3.501,0.27%
472,28.12.2016,3.54,3.522,3.5505,3.517,0.53%
471,29.12.2016,3.523,3.5395,3.5441,3.5145,-0.48%
470,30.12.2016,3.5277,3.5224,3.5325,3.5095,0.13%
469,02.01.2017,3.5445,3.5253,3.546,3.5253,0.48%
468,03.01.2017,3.5943,3.545,3.6052,3.5332,1.40%
467,04.01.2017,3.5713,3.5939,3.5942,3.567,-0.64%
466,05.01.2017,3.5927,3.572,3.64,3.5549,0.60%
465,06.01.2017,3.6445,3.5915,3.6498,3.5915,1.44%
464,09.01.2017,3.7129,3.6446,3.744,3.638,1.88%
463,10.01.2017,3.7885,3.7139,3.8003,3.7078,2.04%
462,11.01.2017,3.8647,3.791,3.9423,3.7881,2.01%
461,12.01.2017,3.7597,3.8634,3.9296,3.7476,-2.72%
460,13.01.2017,3.723,3.7602,3.8285,3.7181,-0.98%
459,16.01.2017,3.8042,3.7261,3.8175,3.7248,2.18%
458,17.01.2017,3.761,3.8045,3.8168,3.756,-1.14%
457,18.01.2017,3.7966,3.7605,3.7989,3.7555,0.95%
456,19.01.2017,3.8273,3.7961,3.843,3.786,0.81%
455,20.01.2017,3.7655,3.8279,3.8361,3.764,-1.61%
454,23.01.2017,3.7573,3.7663,3.7877,3.7517,-0.22%
453,24.01.2017,3.7833,3.757,3.8275,3.7359,0.69%
452,25.01.2017,3.8313,3.7846,3.8583,3.78,1.27%
451,26.01.2017,3.844,3.8345,3.8729,3.8075,0.33%
450,27.01.2017,3.8775,3.8515,3.9107,3.849,0.87%
449,30.01.2017,3.7818,3.8675,3.8798,3.7712,-2.47%
448,31.01.2017,3.7734,3.7814,3.8048,3.7668,-0.22%
447,01.02.2017,3.7705,3.7727,3.7952,3.758,-0.08%
446,02.02.2017,3.7371,3.77,3.7747,3.7181,-0.89%
445,03.02.2017,3.6976,3.7366,3.7576,3.6869,-1.06%
444,06.02.2017,3.6839,3.6983,3.7075,3.6622,-0.37%
443,07.02.2017,3.7451,3.6837,3.7506,3.6773,1.66%
442,08.02.2017,3.7178,3.7458,3.7607,3.6966,-0.73%
441,09.02.2017,3.6831,3.7191,3.7246,3.6745,-0.93%
440,10.02.2017,3.6953,3.6826,3.7113,3.6615,0.33%
439,13.02.2017,3.6717,3.6943,3.7003,3.6625,-0.64%
438,14.02.2017,3.6503,3.6712,3.6812,3.6379,-0.58%
437,15.02.2017,3.6601,3.6498,3.7027,3.637,0.27%
436,16.02.2017,3.6666,3.6591,3.6882,3.6491,0.18%
435,17.02.2017,3.629,3.6675,3.6823,3.6255,-1.03%
434,20.02.2017,3.6245,3.6304,3.638,3.6113,-0.12%
433,21.02.2017,3.6203,3.6245,3.636,3.613,-0.12%
432,22.02.2017,3.5802,3.6197,3.627,3.5777,-1.11%
431,23.02.2017,3.5691,3.5806,3.5904,3.5562,-0.31%
430,24.02.2017,3.607,3.5695,3.6094,3.5625,1.06%
429,27.02.2017,3.6072,3.6076,3.6103,3.5797,0.01%
428,28.02.2017,3.6472,3.6075,3.6495,3.596,1.11%
427,01.03.2017,3.6543,3.6467,3.6791,3.6257,0.19%
426,02.03.2017,3.728,3.6555,3.7362,3.6485,2.02%
425,03.03.2017,3.7029,3.7281,3.7471,3.7016,-0.67%
424,06.03.2017,3.7132,3.7045,3.73,3.7033,0.28%
423,07.03.2017,3.6807,3.7142,3.7193,3.6712,-0.88%
422,08.03.2017,3.7467,3.6806,3.7496,3.669,1.79%
421,09.03.2017,3.7747,3.7462,3.7861,3.736,0.75%
420,10.03.2017,3.7299,3.7747,3.7787,3.7225,-1.19%
419,13.03.2017,3.7418,3.73,3.7541,3.73,0.32%
418,14.03.2017,3.7426,3.7418,3.7624,3.7378,0.02%
417,15.03.2017,3.6754,3.7426,3.7484,3.6714,-1.80%
416,16.03.2017,3.6256,3.6769,3.6942,3.6115,-1.35%
415,17.03.2017,3.6344,3.6264,3.6458,3.598,0.24%
414,20.03.2017,3.616,3.6344,3.6389,3.614,-0.51%
413,21.03.2017,3.6329,3.6161,3.6388,3.587,0.47%
412,22.03.2017,3.6184,3.632,3.6447,3.604,-0.40%
411,23.03.2017,3.6348,3.6184,3.641,3.605,0.45%
410,24.03.2017,3.6108,3.6343,3.6387,3.5969,-0.66%
409,27.03.2017,3.6166,3.6072,3.6254,3.5847,0.16%
408,28.03.2017,3.6582,3.6173,3.6643,3.6063,1.15%
407,29.03.2017,3.6459,3.6586,3.6623,3.6373,-0.34%
406,30.03.2017,3.652,3.6454,3.6546,3.624,0.17%
405,31.03.2017,3.6352,3.6515,3.6578,3.624,-0.46%
404,03.04.2017,3.6449,3.6347,3.651,3.621,0.27%
403,04.04.2017,3.679,3.6456,3.6905,3.6367,0.94%
402,05.04.2017,3.6991,3.6797,3.7121,3.6668,0.55%
401,06.04.2017,3.7111,3.699,3.7293,3.6938,0.32%
400,07.04.2017,3.7299,3.7111,3.7447,3.7054,0.51%
399,10.04.2017,3.7294,3.733,3.7378,3.7128,-0.01%
398,11.04.2017,3.6972,3.7289,3.7333,3.6949,-0.86%
397,12.04.2017,3.6492,3.6971,3.7043,3.6458,-1.30%
396,13.04.2017,3.6633,3.6474,3.679,3.6397,0.39%
395,14.04.2017,3.7327,3.6641,3.7376,3.6597,1.89%
394,17.04.2017,3.7011,3.633,3.7172,3.627,-0.85%
393,18.04.2017,3.6608,3.7024,3.7142,3.653,-1.09%
392,19.04.2017,3.673,3.6609,3.6852,3.6529,0.33%
391,20.04.2017,3.6415,3.6732,3.6776,3.6262,-0.86%
390,21.04.2017,3.6401,3.6407,3.6556,3.629,-0.04%
389,24.04.2017,3.573,3.6411,3.6411,3.5702,-1.84%
388,25.04.2017,3.5797,3.5717,3.6047,3.569,0.19%
387,26.04.2017,3.5783,3.5792,3.5991,3.5595,-0.04%
386,27.04.2017,3.5612,3.5776,3.5789,3.554,-0.48%
385,28.04.2017,3.5516,3.5607,3.5728,3.535,-0.27%
384,01.05.2017,3.5545,3.5516,3.5585,3.5465,0.08%
383,02.05.2017,3.5273,3.5544,3.5565,3.5173,-0.77%
382,03.05.2017,3.5349,3.5268,3.5411,3.5176,0.22%
381,04.05.2017,3.554,3.5356,3.5692,3.5258,0.54%
380,05.05.2017,3.5441,3.5535,3.5782,3.5402,-0.28%
379,08.05.2017,3.5851,3.5364,3.596,3.527,1.16%
378,09.05.2017,3.6239,3.5852,3.6261,3.5796,1.08%
377,10.05.2017,3.5874,3.6238,3.6287,3.579,-1.01%
376,11.05.2017,3.5758,3.5863,3.593,3.564,-0.32%
375,12.05.2017,3.5731,3.5753,3.5993,3.563,-0.08%
374,15.05.2017,3.5483,3.5712,3.5747,3.5458,-0.69%
373,16.05.2017,3.5392,3.5472,3.5638,3.534,-0.26%
372,17.05.2017,3.5681,3.5391,3.5727,3.5363,0.82%
371,18.05.2017,3.6251,3.5688,3.6423,3.5666,1.60%
370,19.05.2017,3.5753,3.6236,3.6324,3.5647,-1.37%
369,22.05.2017,3.5593,3.5764,3.5945,3.5482,-0.45%
368,23.05.2017,3.5704,3.5603,3.5802,3.5535,0.31%
367,24.05.2017,3.5604,3.5694,3.5802,3.554,-0.28%
366,25.05.2017,3.5667,3.5603,3.576,3.545,0.18%
365,26.05.2017,3.5777,3.5663,3.5857,3.5595,0.31%
364,29.05.2017,3.5772,3.5804,3.5865,3.5726,-0.01%
363,30.05.2017,3.5491,3.5726,3.589,3.5387,-0.79%
362,31.05.2017,3.527,3.5495,3.56,3.524,-0.62%
361,01.06.2017,3.5246,3.5278,3.5446,3.521,-0.07%
360,02.06.2017,3.5098,3.5246,3.5395,3.5017,-0.42%
359,05.06.2017,3.5237,3.5083,3.534,3.4935,0.40%
358,06.06.2017,3.5151,3.5232,3.5438,3.5105,-0.24%
357,07.06.2017,3.5503,3.5152,3.5587,3.506,1.00%
356,08.06.2017,3.5244,3.5465,3.557,3.518,-0.73%
355,09.06.2017,3.5373,3.5236,3.5443,3.515,0.37%
354,12.06.2017,3.5164,3.5368,3.5407,3.5085,-0.59%
353,13.06.2017,3.5198,3.5168,3.5343,3.5065,0.10%
352,14.06.2017,3.4878,3.5188,3.5238,3.4733,-0.91%
351,15.06.2017,3.513,3.4876,3.5256,3.4811,0.72%
350,16.06.2017,3.5027,3.5125,3.5327,3.494,-0.29%
349,19.06.2017,3.5228,3.5025,3.5259,3.4835,0.57%
348,20.06.2017,3.5444,3.5225,3.5514,3.5101,0.61%
347,21.06.2017,3.531,3.541,3.5492,3.52,-0.38%
346,22.06.2017,3.5077,3.5306,3.5329,3.502,-0.66%
345,23.06.2017,3.5088,3.5084,3.5161,3.4957,0.03%
344,26.06.2017,3.5008,3.5089,3.5125,3.4897,-0.23%
343,27.06.2017,3.5263,3.5011,3.5278,3.4903,0.73%
342,28.06.2017,3.5128,3.5261,3.539,3.5084,-0.38%
341,29.06.2017,3.5265,3.5137,3.5395,3.498,0.39%
340,30.06.2017,3.5212,3.5255,3.534,3.5047,-0.15%
339,03.07.2017,3.5571,3.5206,3.5673,3.511,1.02%
338,04.07.2017,3.5594,3.5566,3.57,3.543,0.06%
337,05.07.2017,3.6062,3.5589,3.6173,3.548,1.31%
336,06.07.2017,3.6212,3.6069,3.6416,3.6008,0.42%
335,07.07.2017,3.6182,3.6189,3.6474,3.6079,-0.08%
334,10.07.2017,3.6083,3.6166,3.6248,3.5985,-0.27%
333,11.07.2017,3.6139,3.6088,3.6452,3.6042,0.16%
332,12.07.2017,3.5672,3.6133,3.6234,3.5632,-1.29%
331,13.07.2017,3.5657,3.5663,3.5779,3.5569,-0.04%
330,14.07.2017,3.5381,3.565,3.572,3.5249,-0.77%
329,17.07.2017,3.5284,3.5379,3.5525,3.522,-0.27%
328,18.07.2017,3.5231,3.5281,3.5382,3.5181,-0.15%
327,19.07.2017,3.522,3.5223,3.5405,3.509,-0.03%
326,20.07.2017,3.5264,3.522,3.5453,3.5175,0.12%
325,21.07.2017,3.5364,3.5263,3.5434,3.5187,0.28%
324,24.07.2017,3.5567,3.5369,3.5715,3.5236,0.57%
323,25.07.2017,3.5724,3.5566,3.5768,3.547,0.44%
322,26.07.2017,3.5385,3.5734,3.5787,3.5325,-0.95%
321,27.07.2017,3.5363,3.5368,3.544,3.516,-0.06%
320,28.07.2017,3.5279,3.5351,3.5416,3.5224,-0.24%
319,31.07.2017,3.5193,3.5291,3.538,3.514,-0.24%
318,01.08.2017,3.5271,3.5198,3.5322,3.508,0.22%
317,02.08.2017,3.5305,3.5281,3.543,3.5225,0.10%
316,03.08.2017,3.5396,3.533,3.5488,3.528,0.26%
315,04.08.2017,3.528,3.5391,3.544,3.5231,-0.33%
314,07.08.2017,3.5291,3.5281,3.5381,3.52,0.03%
313,08.08.2017,3.5338,3.5288,3.5353,3.5232,0.13%
312,09.08.2017,3.5376,3.533,3.5499,3.5267,0.11%
311,10.08.2017,3.5418,3.5373,3.5453,3.5242,0.12%
310,11.08.2017,3.5369,3.5417,3.5596,3.5296,-0.14%
309,14.08.2017,3.5257,3.5396,3.5397,3.5174,-0.32%
308,15.08.2017,3.5352,3.525,3.5489,3.5166,0.27%
307,16.08.2017,3.5156,3.5369,3.5417,3.5141,-0.55%
306,17.08.2017,3.5254,3.5159,3.5299,3.5103,0.28%
305,18.08.2017,3.5185,3.5251,3.5327,3.508,-0.20%
304,21.08.2017,3.497,3.5136,3.5259,3.4899,-0.61%
303,22.08.2017,3.4944,3.4955,3.506,3.488,-0.07%
302,23.08.2017,3.4787,3.4935,3.5044,3.4748,-0.45%
301,24.08.2017,3.4838,3.4756,3.4876,3.4726,0.15%
300,25.08.2017,3.4389,3.4837,3.4914,3.4331,-1.29%
299,28.08.2017,3.4441,3.4381,3.454,3.434,0.15%
298,29.08.2017,3.4465,3.4439,3.459,3.431,0.07%
297,30.08.2017,3.4517,3.4459,3.4639,3.4369,0.15%
296,31.08.2017,3.4527,3.4517,3.4733,3.4422,0.03%
295,01.09.2017,3.4284,3.45,3.4546,3.4132,-0.70%
294,04.09.2017,3.4348,3.4263,3.4411,3.4206,0.19%
293,05.09.2017,3.4375,3.4342,3.4535,3.4224,0.08%
292,06.09.2017,3.4257,3.434,3.4505,3.4195,-0.34%
291,07.09.2017,3.4045,3.4273,3.4356,3.4011,-0.62%
290,08.09.2017,3.4117,3.4038,3.4226,3.3944,0.21%
289,11.09.2017,3.406,3.4117,3.415,3.3845,-0.17%
288,12.09.2017,3.4331,3.4059,3.445,3.4012,0.80%
287,13.09.2017,3.4579,3.4325,3.4629,3.4215,0.72%
286,14.09.2017,3.4331,3.4578,3.478,3.4285,-0.72%
285,15.09.2017,3.4376,3.4326,3.4447,3.4189,0.13%
284,18.09.2017,3.4895,3.4398,3.5008,3.4289,1.51%
283,19.09.2017,3.4887,3.4899,3.5074,3.4767,-0.02%
282,20.09.2017,3.503,3.4896,3.5198,3.4644,0.41%
281,21.09.2017,3.5023,3.5035,3.521,3.4935,-0.02%
280,22.09.2017,3.4962,3.5029,3.509,3.4775,-0.17%
279,25.09.2017,3.5494,3.492,3.553,3.492,1.52%
278,26.09.2017,3.5424,3.5499,3.5586,3.5225,-0.20%
277,27.09.2017,3.5774,3.5375,3.587,3.5355,0.99%
276,28.09.2017,3.5603,3.5789,3.599,3.555,-0.48%
275,29.09.2017,3.5637,3.558,3.5671,3.5369,0.10%
274,02.10.2017,3.5635,3.5654,3.5882,3.562,-0.01%
273,03.10.2017,3.5718,3.5645,3.596,3.5631,0.23%
272,04.10.2017,3.5723,3.5714,3.58,3.5575,0.01%
271,05.10.2017,3.5836,3.5718,3.5891,3.5618,0.32%
270,06.10.2017,3.6149,3.5831,3.638,3.5782,0.87%
269,09.10.2017,3.7011,3.6157,3.7704,3.6157,2.38%
268,10.10.2017,3.7114,3.7006,3.7129,3.6585,0.28%
267,11.10.2017,3.6484,3.709,3.7131,3.6425,-1.70%
266,12.10.2017,3.654,3.65,3.6721,3.628,0.15%
265,13.10.2017,3.6349,3.6543,3.6637,3.6215,-0.52%
264,16.10.2017,3.6463,3.6303,3.6526,3.6279,0.31%
263,17.10.2017,3.6663,3.6477,3.6919,3.644,0.55%
262,18.10.2017,3.6768,3.6665,3.688,3.6602,0.29%
261,19.10.2017,3.6456,3.6791,3.6814,3.6423,-0.85%
260,20.10.2017,3.6714,3.6454,3.684,3.6438,0.71%
259,23.10.2017,3.7163,3.6709,3.723,3.6707,1.22%
258,24.10.2017,3.7414,3.7158,3.7593,3.7011,0.68%
257,25.10.2017,3.7668,3.7421,3.8082,3.7167,0.68%
256,26.10.2017,3.8203,3.7667,3.8353,3.7489,1.42%
255,27.10.2017,3.7885,3.8198,3.8432,3.783,-0.83%
254,30.10.2017,3.7798,3.791,3.7948,3.761,-0.23%
253,31.10.2017,3.792,3.7793,3.8151,3.762,0.32%
252,01.11.2017,3.813,3.7917,3.834,3.783,0.55%
251,02.11.2017,3.7975,3.8122,3.827,3.7894,-0.41%
250,03.11.2017,3.8864,3.7973,3.8899,3.7944,2.34%
249,06.11.2017,3.828,3.8825,3.8904,3.8205,-1.50%
248,07.11.2017,3.8844,3.8278,3.8966,3.8235,1.47%
247,08.11.2017,3.8665,3.8851,3.902,3.8549,-0.46%
246,09.11.2017,3.8647,3.8677,3.8824,3.8367,-0.05%
245,10.11.2017,3.8636,3.8611,3.8817,3.8451,-0.03%
244,13.11.2017,3.8706,3.8602,3.8892,3.846,0.18%
243,14.11.2017,3.886,3.8685,3.9109,3.8577,0.40%
242,15.11.2017,3.8811,3.8852,3.9015,3.869,-0.13%
241,16.11.2017,3.8629,3.8808,3.8891,3.8485,-0.47%
240,17.11.2017,3.8773,3.8647,3.9055,3.8512,0.37%
239,20.11.2017,3.9285,3.8771,3.9301,3.8537,1.32%
238,21.11.2017,3.9566,3.9289,3.9778,3.918,0.72%
237,22.11.2017,3.9184,3.9548,3.9825,3.9115,-0.97%
236,23.11.2017,3.9201,3.9179,3.9475,3.896,0.04%
235,24.11.2017,3.9437,3.92,3.9576,3.909,0.60%
234,27.11.2017,3.9062,3.9498,3.9562,3.8875,-0.95%
233,28.11.2017,3.9645,3.9059,3.9736,3.9017,1.49%
232,29.11.2017,3.9613,3.9641,3.9737,3.94,-0.08%
231,30.11.2017,3.919,3.9618,3.9626,3.903,-1.07%
230,01.12.2017,3.9131,3.9179,3.9476,3.9059,-0.15%
229,04.12.2017,3.8742,3.9162,3.9466,3.8622,-0.99%
228,05.12.2017,3.8444,3.8742,3.8801,3.8375,-0.77%
227,06.12.2017,3.8506,3.8438,3.864,3.8385,0.16%
226,07.12.2017,3.8631,3.8507,3.874,3.8465,0.32%
225,08.12.2017,3.8388,3.8594,3.8746,3.8237,-0.63%
224,11.12.2017,3.8367,3.8387,3.84,3.814,-0.05%
223,12.12.2017,3.8479,3.838,3.8609,3.8213,0.29%
222,13.12.2017,3.8119,3.8479,3.8655,3.8083,-0.94%
221,14.12.2017,3.8869,3.8114,3.8972,3.8076,1.97%
220,15.12.2017,3.8617,3.8889,3.8902,3.8478,-0.65%
219,18.12.2017,3.83,3.8628,3.8706,3.8203,-0.82%
218,19.12.2017,3.8336,3.8297,3.8455,3.8198,0.09%
217,20.12.2017,3.8203,3.8331,3.8453,3.8133,-0.35%
216,21.12.2017,3.8175,3.8192,3.8342,3.8138,-0.07%
215,22.12.2017,3.8157,3.8182,3.8277,3.8068,-0.05%
214,25.12.2017,3.8074,3.8097,3.82,3.791,-0.22%
213,26.12.2017,3.812,3.8091,3.82,3.7946,0.12%
212,27.12.2017,3.8156,3.811,3.8283,3.802,0.09%
211,28.12.2017,3.7749,3.816,3.8255,3.763,-1.07%
210,29.12.2017,3.79,3.7748,3.7975,3.7592,0.40%
209,01.01.2018,3.7875,3.7855,3.7974,3.7855,-0.07%
208,02.01.2018,3.7667,3.792,3.7968,3.749,-0.55%
207,03.01.2018,3.7812,3.766,3.7879,3.752,0.38%
206,04.01.2018,3.748,3.7834,3.7883,3.744,-0.88%
205,05.01.2018,3.7367,3.7496,3.7618,3.7275,-0.30%
204,08.01.2018,3.7443,3.7317,3.7576,3.7296,0.20%
203,09.01.2018,3.7679,3.7456,3.7801,3.7397,0.63%
202,10.01.2018,3.7994,3.7675,3.8092,3.7646,0.84%
201,11.01.2018,3.7741,3.7996,3.8064,3.767,-0.67%
200,12.01.2018,3.7483,3.7767,3.7847,3.7437,-0.68%
199,15.01.2018,3.8007,3.7484,3.8043,3.7429,1.40%
198,16.01.2018,3.798,3.8011,3.8359,3.7835,-0.07%
197,17.01.2018,3.8182,3.7971,3.8339,3.7905,0.53%
196,18.01.2018,3.7701,3.8161,3.8226,3.755,-1.26%
195,19.01.2018,3.8065,3.7708,3.8177,3.7585,0.97%
194,22.01.2018,3.775,3.8316,3.8491,3.7695,-0.83%
193,23.01.2018,3.7673,3.776,3.8049,3.7638,-0.20%
192,24.01.2018,3.7384,3.767,3.7754,3.7298,-0.77%
191,25.01.2018,3.7525,3.7379,3.7609,3.7126,0.38%
190,26.01.2018,3.7548,3.7517,3.7662,3.7252,0.06%
189,29.01.2018,3.7934,3.7539,3.7973,3.7408,1.03%
188,30.01.2018,3.781,3.7929,3.8,3.7584,-0.33%
187,31.01.2018,3.7555,3.7811,3.7837,3.7441,-0.67%
186,01.02.2018,3.7315,3.7547,3.7724,3.726,-0.64%
185,02.02.2018,3.7734,3.7336,3.7786,3.729,1.12%
184,05.02.2018,3.79,3.7688,3.792,3.7525,0.44%
183,06.02.2018,3.7695,3.7895,3.7964,3.7605,-0.54%
182,07.02.2018,3.8047,3.7697,3.8077,3.7605,0.93%
181,08.02.2018,3.8216,3.8047,3.836,3.7885,0.44%
180,09.02.2018,3.8226,3.8213,3.8456,3.8035,0.03%
179,12.02.2018,3.7997,3.8209,3.829,3.7945,-0.60%
178,13.02.2018,3.8106,3.8002,3.8134,3.7875,0.29%
177,14.02.2018,3.7824,3.8123,3.8253,3.7778,-0.74%
176,15.02.2018,3.7644,3.7826,3.7866,3.7619,-0.48%
175,16.02.2018,3.7474,3.7644,3.773,3.7345,-0.45%
174,19.02.2018,3.7573,3.7465,3.7642,3.7418,0.26%
173,20.02.2018,3.7984,3.7569,3.8136,3.7565,1.09%
172,21.02.2018,3.7891,3.7971,3.8104,3.774,-0.24%
171,22.02.2018,3.7843,3.7866,3.8112,3.7782,-0.13%
170,23.02.2018,3.7905,3.7845,3.7965,3.776,0.16%
169,26.02.2018,3.7864,3.7879,3.7985,3.7729,-0.11%
168,27.02.2018,3.8155,3.7852,3.816,3.778,0.77%
167,28.02.2018,3.7988,3.8151,3.8169,3.7925,-0.44%
166,01.03.2018,3.8056,3.7996,3.821,3.7939,0.18%
165,02.03.2018,3.8071,3.8057,3.8252,3.799,0.04%
164,05.03.2018,3.8084,3.8074,3.8296,3.8038,0.03%
163,06.03.2018,3.7942,3.8078,3.8131,3.7827,-0.37%
162,07.03.2018,3.8027,3.7929,3.8098,3.7876,0.22%
161,08.03.2018,3.8236,3.7994,3.8285,3.7977,0.55%
160,09.03.2018,3.8111,3.8238,3.829,3.8,-0.33%
159,12.03.2018,3.8438,3.8102,3.8525,3.8037,0.86%
158,13.03.2018,3.8733,3.8439,3.8754,3.8325,0.77%
157,14.03.2018,3.8796,3.8731,3.8954,3.8524,0.16%
156,15.03.2018,3.8956,3.8791,3.907,3.8721,0.41%
155,16.03.2018,3.9196,3.8955,3.9266,3.8875,0.62%
154,19.03.2018,3.9362,3.9119,3.9546,3.9119,0.42%
153,20.03.2018,3.9339,3.9356,3.9535,3.918,-0.06%
152,21.03.2018,3.9085,3.935,3.9407,3.9062,-0.65%
151,22.03.2018,3.9343,3.9097,3.9458,3.8969,0.66%
150,23.03.2018,3.9824,3.9311,4.0356,3.9311,1.22%
149,26.03.2018,3.9657,3.9803,3.9963,3.9524,-0.42%
148,27.03.2018,3.9819,3.9657,3.9981,3.9579,0.41%
147,28.03.2018,4.0103,3.9822,4.0169,3.9772,0.71%
146,29.03.2018,3.9422,4.008,4.0163,3.9325,-1.70%
145,30.03.2018,3.9552,3.9426,3.9613,3.937,0.33%
144,02.04.2018,3.9735,3.9542,3.9808,3.9496,0.46%
143,03.04.2018,3.9887,3.9719,3.995,3.967,0.38%
142,04.04.2018,3.9991,3.9894,4.029,3.9832,0.26%
141,05.04.2018,4.0515,3.997,4.0538,3.9942,1.31%
140,06.04.2018,4.0449,4.0531,4.068,4.0263,-0.16%
139,09.04.2018,4.0737,4.041,4.0761,4.0315,0.71%
138,10.04.2018,4.1121,4.0715,4.1393,4.053,0.94%
137,11.04.2018,4.136,4.112,4.195,4.1067,0.58%
136,12.04.2018,4.1102,4.1308,4.1615,4.0813,-0.62%
135,13.04.2018,4.0969,4.1097,4.1173,4.065,-0.32%
134,16.04.2018,4.0963,4.0984,4.1213,4.0865,-0.01%
133,17.04.2018,4.0976,4.0967,4.1266,4.0697,0.03%
132,18.04.2018,4.0086,4.0941,4.1086,4.0037,-2.17%
131,19.04.2018,4.0403,4.0078,4.05,4.0055,0.79%
130,20.04.2018,4.0766,4.0398,4.079,4.0225,0.90%
129,23.04.2018,4.1079,4.0766,4.111,4.0614,0.77%
128,24.04.2018,4.086,4.1077,4.1144,4.0775,-0.53%
127,25.04.2018,4.0809,4.0866,4.1116,4.0325,-0.12%
126,26.04.2018,4.0664,4.0813,4.0863,4.0545,-0.36%
125,27.04.2018,4.0422,4.0659,4.08,4.035,-0.60%
124,30.04.2018,4.0617,4.0441,4.074,4.0245,0.48%
123,01.05.2018,4.103,4.061,4.1254,4.053,1.02%
122,02.05.2018,4.1771,4.1028,4.1876,4.0886,1.81%
121,03.05.2018,4.2131,4.1772,4.245,4.1522,0.86%
120,04.05.2018,4.226,4.2153,4.2921,4.2137,0.31%
119,07.05.2018,4.2669,4.226,4.2729,4.221,0.97%
118,08.05.2018,4.3327,4.2664,4.3382,4.2565,1.54%
117,09.05.2018,4.2876,4.329,4.3746,4.251,-1.04%
116,10.05.2018,4.2352,4.2871,4.3084,4.2197,-1.22%
115,11.05.2018,4.3136,4.2347,4.318,4.2261,1.85%
114,14.05.2018,4.3674,4.3139,4.3714,4.3,1.25%
113,15.05.2018,4.445,4.3689,4.477,4.347,1.78%
112,16.05.2018,4.4139,4.443,4.5015,4.39,-0.70%
111,17.05.2018,4.4606,4.411,4.4674,4.4095,1.06%
110,18.05.2018,4.4917,4.457,4.506,4.4365,0.70%
109,21.05.2018,4.5749,4.4902,4.6,4.4864,1.85%
108,22.05.2018,4.6691,4.5744,4.6738,4.5375,2.06%
107,23.05.2018,4.5762,4.666,4.9241,4.5395,-1.99%
106,24.05.2018,4.7073,4.5763,4.8032,4.538,2.86%
105,25.05.2018,4.7081,4.709,4.803,4.6818,0.02%
104,27.05.2018,4.7055,4.7171,4.7178,4.6986,-0.06%
103,28.05.2018,4.5822,4.713,4.7214,4.5495,-2.62%
102,29.05.2018,4.5488,4.577,4.6358,4.528,-0.73%
101,30.05.2018,4.465,4.5483,4.5641,4.441,-1.84%
100,31.05.2018,4.5245,4.459,4.5463,4.4495,1.33%
99,01.06.2018,4.6508,4.524,4.6574,4.514,2.79%
98,03.06.2018,4.6486,4.6505,4.6551,4.6456,-0.05%
97,04.06.2018,4.5921,4.6495,4.6791,4.5735,-1.22%
96,05.06.2018,4.5985,4.5903,4.6337,4.5805,0.14%
95,06.06.2018,4.5554,4.598,4.629,4.5358,-0.94%
94,07.06.2018,4.4844,4.5537,4.5872,4.451,-1.56%
93,08.06.2018,4.474,4.48,4.5404,4.4591,-0.23%
92,10.06.2018,4.4735,4.4849,4.4849,4.4691,-0.01%
91,11.06.2018,4.524,4.4774,4.542,4.461,1.13%
90,12.06.2018,4.5976,4.5229,4.5998,4.5191,1.63%
89,13.06.2018,4.6452,4.5953,4.6994,4.5812,1.04%
88,14.06.2018,4.7259,4.6319,4.7329,4.591,1.74%
87,15.06.2018,4.7301,4.7267,4.7602,4.7073,0.09%
86,17.06.2018,4.7427,4.7363,4.7448,4.7332,0.27%
85,18.06.2018,4.7042,4.7272,4.7458,4.673,-0.81%
84,19.06.2018,4.7402,4.7055,4.7763,4.686,0.77%
83,20.06.2018,4.7327,4.7319,4.7696,4.722,-0.16%
82,21.06.2018,4.7225,4.7312,4.77,4.7151,-0.22%
81,22.06.2018,4.6773,4.7185,4.7462,4.6585,-0.96%
80,24.06.2018,4.6136,4.6326,4.6612,4.5874,-1.36%
79,25.06.2018,4.681,4.66,4.7249,4.535,1.46%
78,26.06.2018,4.6155,4.6792,4.7169,4.6045,-1.40%
77,27.06.2018,4.6225,4.6168,4.659,4.5895,0.15%
76,28.06.2018,4.5853,4.6245,4.6535,4.5733,-0.80%
75,29.06.2018,4.5872,4.583,4.6111,4.5445,0.04%
74,01.07.2018,4.5957,4.6038,4.6052,4.5933,0.19%
73,02.07.2018,4.6161,4.5908,4.6448,4.5813,0.44%
72,03.07.2018,4.6705,4.6175,4.6881,4.608,1.18%
71,04.07.2018,4.6667,4.672,4.7234,4.659,-0.08%
70,05.07.2018,4.5925,4.6692,4.689,4.5813,-1.59%
69,06.07.2018,4.5704,4.5935,4.6198,4.5684,-0.48%
68,08.07.2018,4.5794,4.5819,4.5907,4.5769,0.20%
67,09.07.2018,4.7338,4.5694,4.7488,4.506,3.37%
66,10.07.2018,4.7077,4.7358,4.7588,4.6448,-0.55%
65,11.07.2018,4.8762,4.7035,4.8789,4.6923,3.58%
64,12.07.2018,4.8552,4.8735,4.9721,4.7792,-0.43%
63,13.07.2018,4.8552,4.8545,4.8753,4.8066,0.00%
62,15.07.2018,4.8567,4.8632,4.8651,4.8458,0.03%
61,16.07.2018,4.8463,4.8435,4.868,4.818,-0.21%
60,17.07.2018,4.8065,4.845,4.8606,4.7755,-0.82%
59,18.07.2018,4.7953,4.8075,4.8473,4.7625,-0.23%
58,19.07.2018,4.8066,4.797,4.8453,4.7875,0.24%
57,20.07.2018,4.7927,4.8065,4.8269,4.763,-0.29%
56,22.07.2018,4.7803,4.7854,4.7873,4.7782,-0.26%
55,23.07.2018,4.7395,4.7939,4.797,4.7305,-0.85%
54,24.07.2018,4.8861,4.7415,4.9403,4.7345,3.09%
53,25.07.2018,4.7728,4.8883,4.8924,4.7728,-2.32%
52,26.07.2018,4.8649,4.7705,4.8845,4.766,1.93%
51,27.07.2018,4.8529,4.8644,4.883,4.834,-0.25%
50,29.07.2018,4.8572,4.8554,4.8584,4.8544,0.09%
49,30.07.2018,4.8823,4.8459,4.9104,4.8407,0.52%
48,31.07.2018,4.9142,4.8845,4.9324,4.8734,0.65%
47,01.08.2018,4.995,4.9136,5.0183,4.9086,1.64%
46,02.08.2018,5.066,4.9924,5.0944,4.9591,1.42%
45,03.08.2018,5.0815,5.0655,5.1135,5.0528,0.31%
44,05.08.2018,5.1007,5.0909,5.1129,5.0909,0.38%
43,06.08.2018,5.3301,5.0798,5.4265,5.0798,4.50%
42,07.08.2018,5.2443,5.3275,5.3696,5.1725,-1.61%
41,08.08.2018,5.28,5.231,5.3112,5.22,0.68%
40,09.08.2018,5.5457,5.284,5.572,5.2777,5.03%
39,10.08.2018,6.4275,5.545,6.802,5.53,15.90%
38,12.08.2018,6.8274,7.1289,7.1326,6.5758,6.22%
37,13.08.2018,6.8834,6.4362,7.2393,6.4362,0.82%
36,14.08.2018,6.3544,6.8868,6.9668,6.2804,-7.69%
35,15.08.2018,5.9905,6.3401,6.5955,5.86,-5.73%
34,16.08.2018,5.827,5.928,6.041,5.6675,-2.73%
33,17.08.2018,6.014,5.82,6.3416,5.718,3.21%
32,19.08.2018,6.0084,6.0126,6.0126,5.9797,-0.09%
31,20.08.2018,6.0808,6.028,6.2,5.952,1.20%
30,21.08.2018,6.0758,6.1055,6.1796,6.0171,-0.08%
29,22.08.2018,6.0512,6.0719,6.1368,6.0218,-0.40%
28,23.08.2018,6.1247,6.0564,6.1909,6.0277,1.21%
27,24.08.2018,6.0068,6.0968,6.1357,5.9811,-1.92%
26,26.08.2018,5.9844,5.9999,6.0023,5.9818,-0.37%
25,27.08.2018,6.1217,6.0058,6.2978,5.9629,2.29%
24,28.08.2018,6.273,6.1456,6.313,6.1075,2.47%
23,29.08.2018,6.4752,6.3026,6.5138,6.2447,3.22%
22,30.08.2018,6.6519,6.452,6.835,6.4021,2.73%
21,31.08.2018,6.538,6.674,6.8125,6.3765,-1.71%
20,02.09.2018,6.5835,6.5705,6.5936,6.5568,0.70%
19,03.09.2018,6.634,6.5299,6.7324,6.489,0.77%
18,04.09.2018,6.6711,6.62,6.7251,6.5654,0.56%
17,05.09.2018,6.6011,6.6753,6.7419,6.5789,-1.05%
16,06.09.2018,6.5827,6.6105,6.6589,6.5339,-0.28%
15,07.09.2018,6.397,6.581,6.6201,6.3615,-2.82%
14,09.09.2018,6.4222,6.4026,6.4226,6.3981,0.39%
13,10.09.2018,6.4616,6.396,6.5071,6.3793,0.61%
12,11.09.2018,6.4302,6.4706,6.5003,6.4134,-0.49%
11,12.09.2018,6.342,6.427,6.4821,6.311,-1.37%
10,13.09.2018,6.0812,6.3549,6.5653,5.9989,-4.11%
9,14.09.2018,6.1703,6.064,6.1911,5.982,1.47%
8,16.09.2018,6.1628,6.1683,6.1707,6.1595,-0.12%
7,17.09.2018,6.3144,6.1809,6.3292,6.1363,2.46%
6,18.09.2018,6.3846,6.3258,6.4803,6.3064,1.11%
5,19.09.2018,6.2493,6.3887,6.4204,6.2119,-2.12%
4,20.09.2018,6.196,6.2639,6.3907,6.118,-0.85%
3,21.09.2018,6.2937,6.2006,6.3071,6.179,1.58%
2,23.09.2018,6.308,6.3001,6.3175,6.2946,0.23%
1,24.09.2018,6.2042,6.3074,6.3324,6.2001,-1.65%
